Date,Maximum,Minimum,Average,Departure,HDD,CDD,Precipitation,New Snow,Snow Depth
1/1/2010,50,27,38.5,-6.9,26,0,0,0,0
1/2/2010,53,28,40.5,-4.9,24,0,0,0,0
1/3/2010,47,30,38.5,-6.9,26,0,0,0,0
1/4/2010,39,26,32.5,-12.9,32,0,0,0,0
1/5/2010,41,22,31.5,-13.9,33,0,0,0,0
1/6/2010,50,27,38.5,-6.9,26,0,0.01,0,0
1/7/2010,46,22,34,-11.4,31,0,0.05,T,T
1/8/2010,30,16,23,-22.5,42,0,0,0,0
1/9/2010,36,13,24.5,-21,40,0,0,0,0
1/10/2010,44,17,30.5,-15,34,0,0,0,0
1/11/2010,55,23,39,-6.6,26,0,0,0,0
1/12/2010,57,28,42.5,-3.1,22,0,0,0,0
1/13/2010,62,33,47.5,1.9,17,0,0,0,0
1/14/2010,55,50,52.5,6.8,12,0,0.03,0,0
1/15/2010,58,46,52,6.3,13,0,0.15,0,0
1/16/2010,61,46,53.5,7.7,11,0,T,0,0
1/17/2010,65,41,53,7.2,12,0,0,0,0
1/18/2010,70,40,55,9.1,10,0,0,0,0
1/19/2010,70,53,61.5,15.5,3,0,0.02,0,0
1/20/2010,69,55,62,16,3,0,T,0,0
1/21/2010,66,48,57,10.9,8,0,0,0,0
1/22/2010,76,45,60.5,14.3,4,0,0,0,0
1/23/2010,63,51,57,10.7,8,0,0.11,0,0
1/24/2010,58,42,50,3.6,15,0,0,0,0
1/25/2010,58,33,45.5,-1,19,0,0,0,0
1/26/2010,59,34,46.5,-0.1,18,0,0,0,0
1/27/2010,67,44,55.5,8.8,9,0,T,0,0
1/28/2010,58,44,51,4.2,14,0,1.73,0,0
1/29/2010,44,30,37,-9.9,28,0,0.66,T,0
1/30/2010,31,26,28.5,-18.5,36,0,0,0,0
1/31/2010,37,29,33,-14.1,32,0,0,0,0
2/1/2010,46,29,37.5,-9.8,27,0,0,0,0
2/2/2010,51,38,44.5,-2.9,20,0,0,0,0
2/3/2010,47,35,41,-6.6,24,0,0.14,0,0
2/4/2010,44,41,42.5,-5.2,22,0,0.23,0,0
2/5/2010,59,39,49,1.1,16,0,0,0,0
2/6/2010,43,35,39,-9,26,0,0,0,0
2/7/2010,44,36,40,-8.2,25,0,0.05,0,0
2/8/2010,42,38,40,-8.4,25,0,1.06,0,0
2/9/2010,43,26,34.5,-14.1,30,0,0,0,0
2/10/2010,39,29,34,-14.8,31,0,0,0,0
2/11/2010,38,32,35,-14,30,0,1.08,11.2,1
2/12/2010,36,29,32.5,-16.7,32,0,0.06,1.3,11
2/13/2010,44,32,38,-11.4,27,0,0,0,5
2/14/2010,41,29,35,-14.6,30,0,0,0,1
2/15/2010,46,29,37.5,-12.3,27,0,0,0,T
2/16/2010,50,27,38.5,-11.6,26,0,0,0,0
2/17/2010,54,27,40.5,-9.8,24,0,0,0,0
2/18/2010,62,32,47,-3.5,18,0,0,0,0
2/19/2010,57,42,49.5,-1.3,15,0,0,0,0
2/20/2010,62,52,57,6,8,0,0,0,0
2/21/2010,65,40,52.5,1.2,12,0,0.21,0,0
2/22/2010,40,36,38,-13.5,27,0,0,0,0
2/23/2010,42,32,37,-14.8,28,0,T,0.1,0
2/24/2010,50,29,39.5,-12.6,25,0,0,0,0
2/25/2010,57,33,45,-7.3,20,0,T,0,0
2/26/2010,50,37,43.5,-9.1,21,0,T,0,0
2/27/2010,64,34,49,-3.9,16,0,0,0,0
2/28/2010,65,38,51.5,-1.7,13,0,0,0,0
3/1/2010,52,42,47,-6.5,18,0,0.57,0,0
3/2/2010,54,35,44.5,-9.2,20,0,0,0,0
3/3/2010,61,33,47,-7,18,0,0,0,0
3/4/2010,68,39,53.5,-0.8,11,0,0,0,0
3/5/2010,69,49,59,4.4,6,0,0,0,0
3/6/2010,69,50,59.5,4.6,5,0,0,0,0
3/7/2010,59,51,55,-0.1,10,0,0.53,0,0
3/8/2010,60,52,56,0.6,9,0,0.31,0,0
3/9/2010,75,47,61,5.3,4,0,0,0,0
3/10/2010,75,51,63,7,2,0,0.31,T,0
3/11/2010,64,41,52.5,-3.8,12,0,T,0,0
3/12/2010,68,43,55.5,-1.1,9,0,0,0,0
3/13/2010,67,45,56,-0.8,9,0,0,0,0
3/14/2010,73,42,57.5,0.4,7,0,0,0,0
3/15/2010,65,47,56,-1.4,9,0,0,0,0
3/16/2010,61,49,55,-2.7,10,0,0.04,0,0
3/17/2010,65,42,53.5,-4.4,11,0,0,0,0
3/18/2010,65,39,52,-6.2,13,0,0,0,0
3/19/2010,73,45,59,0.5,6,0,0,0,0
3/20/2010,62,32,47,-11.7,18,0,1.17,1.2,0
3/21/2010,47,32,39.5,-19.5,25,0,0.01,0.1,1
3/22/2010,67,37,52,-7.3,13,0,0,0,0
3/23/2010,75,45,60,0.5,5,0,0,0,0
3/24/2010,74,54,64,4.2,1,0,0.63,0,0
3/25/2010,64,45,54.5,-5.5,10,0,T,0,0
3/26/2010,67,42,54.5,-5.8,10,0,0,0,0
3/27/2010,74,53,63.5,2.9,1,0,0,0,0
3/28/2010,64,48,56,-4.8,9,0,0,0,0
3/29/2010,74,41,57.5,-3.6,7,0,0,0,0
3/30/2010,80,54,67,5.7,0,2,0,0,0
3/31/2010,83,57,70,8.4,0,5,0,0,0
4/1/2010,81,63,72,10.2,0,7,0,0,0
4/2/2010,79,62,70.5,8.4,0,6,0.09,0,0
4/3/2010,78,46,62,-0.3,3,0,0,0,0
4/4/2010,79,58,68.5,5.9,0,4,T,0,0
4/5/2010,82,69,75.5,12.7,0,11,0,0,0
4/6/2010,82,65,73.5,10.4,0,9,0,0,0
4/7/2010,75,50,62.5,-0.8,2,0,T,0,0
4/8/2010,68,45,56.5,-7.1,8,0,0,0,0
4/9/2010,76,44,60,-3.8,5,0,0,0,0
4/10/2010,75,53,64,-0.1,1,0,0,0,0
4/11/2010,73,60,66.5,2.1,0,2,0,0,0
4/12/2010,80,59,69.5,4.9,0,5,0,0,0
4/13/2010,82,54,68,3.1,0,3,0,0,0
4/14/2010,81,57,69,3.9,0,4,0,0,0
4/15/2010,79,60,69.5,4.1,0,5,T,0,0
4/16/2010,78,64,71,5.4,0,6,0.02,0,0
4/17/2010,72,60,66,0.1,0,1,1.26,0,0
4/18/2010,63,51,57,-9.2,8,0,0.27,0,0
4/19/2010,67,51,59,-7.4,6,0,T,0,0
4/20/2010,72,54,63,-3.7,2,0,0,0,0
4/21/2010,79,54,66.5,-0.5,0,2,0,0,0
4/22/2010,73,59,66,-1.2,0,1,T,0,0
4/23/2010,82,66,74,6.5,0,9,0.08,0,0
4/24/2010,79,57,68,0.2,0,3,0.31,0,0
4/25/2010,77,58,67.5,-0.5,0,3,0,0,0
4/26/2010,75,51,63,-5.3,2,0,0,0,0
4/27/2010,72,51,61.5,-7.1,3,0,0,0,0
4/28/2010,78,50,64,-4.9,1,0,0,0,0
4/29/2010,83,62,72.5,3.4,0,8,0,0,0
4/30/2010,81,68,74.5,5.1,0,10,T,0,0
5/1/2010,79,62,70.5,0.8,0,6,T,0,0
5/2/2010,84,59,71.5,1.5,0,7,0,0,0
5/3/2010,87,53,70,-0.3,0,5,0.16,0,0
5/4/2010,85,51,68,-2.5,0,3,0,0,0
5/5/2010,87,62,74.5,3.7,0,10,0,0,0
5/6/2010,89,65,77,5.9,0,12,0,0,0
5/7/2010,80,66,73,1.6,0,8,0,0,0
5/8/2010,75,56,65.5,-6.2,0,1,0,0,0
5/9/2010,67,57,62,-9.9,3,0,0.08,0,0
5/10/2010,88,62,75,2.8,0,10,0,0,0
5/11/2010,90,73,81.5,9,0,17,0,0,0
5/12/2010,87,74,80.5,7.7,0,16,0,0,0
5/13/2010,87,67,77,3.9,0,12,0,0,0
5/14/2010,80,63,71.5,-1.9,0,7,0.6,0,0
5/15/2010,78,62,70,-3.6,0,5,T,0,0
5/16/2010,86,64,75,1.1,0,10,0,0,0
5/17/2010,90,67,78.5,4.3,0,14,0.02,0,0
5/18/2010,84,64,74,-0.5,0,9,0,0,0
5/19/2010,89,69,79,4.2,0,14,0,0,0
5/20/2010,87,69,78,3,0,13,T,0,0
5/21/2010,90,66,78,2.7,0,13,0,0,0
5/22/2010,91,75,83,7.4,0,18,0,0,0
5/23/2010,92,76,84,8.1,0,19,0,0,0
5/24/2010,90,72,81,4.9,0,16,0,0,0
5/25/2010,89,73,81,4.6,0,16,0,0,0
5/26/2010,93,72,82.5,5.8,0,18,0,0,0
5/27/2010,94,70,82,5,0,17,T,0,0
5/28/2010,96,75,85.5,8.3,0,21,0,0,0
5/29/2010,95,73,84,6.5,0,19,0,0,0
5/30/2010,99,73,86,8.3,0,21,0.23,0,0
5/31/2010,95,75,85,7,0,20,0,0,0
6/1/2010,97,76,86.5,8.2,0,22,0,0,0
6/2/2010,96,75,85.5,7,0,21,T,0,0
6/3/2010,89,71,80,1.2,0,15,0,0,0
6/4/2010,95,69,82,3,0,17,0,0,0
6/5/2010,100,73,86.5,7.3,0,22,0,0,0
6/6/2010,98,77,87.5,8,0,23,0,0,0
6/7/2010,97,78,87.5,7.8,0,23,T,0,0
6/8/2010,96,76,86,6.1,0,21,0,0,0
6/9/2010,88,74,81,0.8,0,16,0.05,0,0
6/10/2010,94,74,84,3.6,0,19,0.11,0,0
6/11/2010,97,78,87.5,6.9,0,23,0,0,0
6/12/2010,96,79,87.5,6.7,0,23,0,0,0
6/13/2010,98,81,89.5,8.5,0,25,0,0,0
6/14/2010,97,78,87.5,6.3,0,23,0,0,0
6/15/2010,97,71,84,2.6,0,19,T,0,0
6/16/2010,98,78,88,6.4,0,23,0,0,0
6/17/2010,98,77,87.5,5.7,0,23,0,0,0
6/18/2010,98,79,88.5,6.5,0,24,0,0,0
6/19/2010,99,79,89,6.8,0,24,0,0,0
6/20/2010,100,79,89.5,7.2,0,25,0,0,0
6/21/2010,99,80,89.5,7,0,25,0,0,0
6/22/2010,100,80,90,7.3,0,25,0,0,0
6/23/2010,100,78,89,6.2,0,24,0,0,0
6/24/2010,96,78,87,4,0,22,0.79,0,0
6/25/2010,95,78,86.5,3.3,0,22,T,0,0
6/26/2010,99,79,89,5.7,0,24,0,0,0
6/27/2010,99,79,89,5.6,0,24,0,0,0
6/28/2010,97,75,86,2.4,0,21,0.54,0,0
6/29/2010,87,75,81,-2.7,0,16,0.27,0,0
6/30/2010,93,74,83.5,-0.3,0,19,0.32,0,0
7/1/2010,89,75,82,-2,0,17,T,0,0
7/2/2010,84,75,79.5,-4.6,0,15,0.92,0,0
7/3/2010,90,74,82,-2.2,0,17,0.82,0,0
7/4/2010,93,75,84,-0.3,0,19,0,0,0
7/5/2010,94,78,86,1.6,0,21,0,0,0
7/6/2010,94,77,85.5,1,0,21,0.07,0,0
7/7/2010,93,75,84,-0.6,0,19,0.24,0,0
7/8/2010,90,76,83,-1.7,0,18,0.43,0,0
7/9/2010,86,75,80.5,-4.3,0,16,0.49,0,0
7/10/2010,90,75,82.5,-2.4,0,18,T,0,0
7/11/2010,98,79,88.5,3.5,0,24,0,0,0
7/12/2010,94,80,87,1.9,0,22,0,0,0
7/13/2010,95,80,87.5,2.3,0,23,0,0,0
7/14/2010,97,80,88.5,3.2,0,24,0,0,0
7/15/2010,96,78,87,1.6,0,22,0,0,0
7/16/2010,98,79,88.5,3.1,0,24,0,0,0
7/17/2010,102,81,91.5,6,0,27,0,0,0
7/18/2010,99,78,88.5,2.9,0,24,0,0,0
7/19/2010,97,76,86.5,0.8,0,22,0,0,0
7/20/2010,98,78,88,2.3,0,23,0,0,0
7/21/2010,97,79,88,2.2,0,23,0,0,0
7/22/2010,98,79,88.5,2.6,0,24,0,0,0
7/23/2010,95,80,87.5,1.6,0,23,0.15,0,0
7/24/2010,95,77,86,0,0,21,0,0,0
7/25/2010,100,73,86.5,0.4,0,22,0,0,0
7/26/2010,95,77,86,-0.1,0,21,T,0,0
7/27/2010,92,73,82.5,-3.7,0,18,0.01,0,0
7/28/2010,94,74,84,-2.2,0,19,0,0,0
7/29/2010,96,75,85.5,-0.8,0,21,0,0,0
7/30/2010,99,78,88.5,2.2,0,24,0,0,0
7/31/2010,102,78,90,3.6,0,25,0,0,0
8/1/2010,104,76,90,3.6,0,25,0,0,0
8/2/2010,104,79,91.5,5.1,0,27,0,0,0
8/3/2010,102,77,89.5,3.1,0,25,0,0,0
8/4/2010,101,82,91.5,5,0,27,0,0,0
8/5/2010,104,82,93,6.5,0,28,0,0,0
8/6/2010,105,79,92,5.5,0,27,T,0,0
8/7/2010,101,79,90,3.5,0,25,0,0,0
8/8/2010,100,81,90.5,4,0,26,0,0,0
8/9/2010,100,79,89.5,3.1,0,25,0,0,0
8/10/2010,101,78,89.5,3.1,0,25,0,0,0
8/11/2010,103,81,92,5.6,0,27,0,0,0
8/12/2010,103,82,92.5,6.2,0,28,0,0,0
8/13/2010,103,83,93,6.7,0,28,0,0,0
8/14/2010,102,83,92.5,6.3,0,28,0,0,0
8/15/2010,103,82,92.5,6.4,0,28,0.21,0,0
8/16/2010,102,81,91.5,5.5,0,27,0,0,0
8/17/2010,102,79,90.5,4.6,0,26,0,0,0
8/18/2010,96,81,88.5,2.7,0,24,0.06,0,0
8/19/2010,101,79,90,4.3,0,25,0,0,0
8/20/2010,102,81,91.5,5.9,0,27,0,0,0
8/21/2010,104,82,93,7.6,0,28,0,0,0
8/22/2010,105,83,94,8.7,0,29,0,0,0
8/23/2010,107,81,94,8.9,0,29,0,0,0
8/24/2010,97,79,88,3.1,0,23,T,0,0
8/25/2010,81,72,76.5,-8.2,0,12,0.14,0,0
8/26/2010,96,71,83.5,-1,0,19,0,0,0
8/27/2010,94,71,82.5,-1.8,0,18,0,0,0
8/28/2010,97,69,83,-1,0,18,0,0,0
8/29/2010,97,78,87.5,3.7,0,23,0,0,0
8/30/2010,99,80,89.5,6,0,25,T,0,0
8/31/2010,99,80,89.5,6.2,0,25,0,0,0
9/1/2010,96,76,86,3,0,21,1.77,0,0
9/2/2010,83,71,77,-5.7,0,12,0.18,0,0
9/3/2010,86,68,77,-5.4,0,12,0,0,0
9/4/2010,88,62,75,-7.1,0,10,0,0,0
9/5/2010,92,66,79,-2.8,0,14,0,0,0
9/6/2010,94,72,83,1.6,0,18,0,0,0
9/7/2010,82,74,78,-3.1,0,13,1,0,0
9/8/2010,84,74,79,-1.8,0,14,5.24,0,0
9/9/2010,92,79,85.5,5.1,0,21,0.01,0,0
9/10/2010,93,77,85,4.9,0,20,0,0,0
9/11/2010,95,79,87,7.3,0,22,0,0,0
9/12/2010,94,78,86,6.7,0,21,0,0,0
9/13/2010,93,78,85.5,6.5,0,21,0,0,0
9/14/2010,94,75,84.5,5.9,0,20,0.01,0,0
9/15/2010,93,72,82.5,4.3,0,18,0,0,0
9/16/2010,94,75,84.5,6.7,0,20,0,0,0
9/17/2010,95,74,84.5,7.1,0,20,0,0,0
9/18/2010,93,74,83.5,6.4,0,19,0,0,0
9/19/2010,93,73,83,6.3,0,18,0,0,0
9/20/2010,90,72,81,4.7,0,16,T,0,0
9/21/2010,87,71,79,3.1,0,14,T,0,0
9/22/2010,90,73,81.5,5.9,0,17,T,0,0
9/23/2010,91,76,83.5,8.3,0,19,0,0,0
9/24/2010,86,75,80.5,5.7,0,16,T,0,0
9/25/2010,78,70,74,-0.4,0,9,0.88,0,0
9/26/2010,77,58,67.5,-6.6,0,3,0,0,0
9/27/2010,75,53,64,-9.7,1,0,0,0,0
9/28/2010,86,56,71,-2.4,0,6,0,0,0
9/29/2010,84,61,72.5,-0.5,0,8,0,0,0
9/30/2010,87,61,74,1.4,0,9,0,0,0
10/1/2010,83,61,72,-0.3,0,7,0,0,0
10/2/2010,83,57,70,-2,0,5,0,0,0
10/3/2010,71,52,61.5,-10.1,3,0,0,0,0
10/4/2010,73,52,62.5,-8.8,2,0,0,0,0
10/5/2010,76,51,63.5,-7.5,1,0,0,0,0
10/6/2010,82,53,67.5,-3.1,0,3,0,0,0
10/7/2010,86,53,69.5,-0.8,0,5,0,0,0
10/8/2010,85,53,69,-1,0,4,0,0,0
10/9/2010,85,54,69.5,-0.2,0,5,0,0,0
10/10/2010,86,59,72.5,3.1,0,8,0,0,0
10/11/2010,85,64,74.5,5.4,0,10,0.02,0,0
10/12/2010,82,61,71.5,2.7,0,7,0,0,0
10/13/2010,81,58,69.5,1,0,5,0,0,0
10/14/2010,75,51,63,-5.2,2,0,0,0,0
10/15/2010,86,50,68,0.1,0,3,0,0,0
10/16/2010,85,53,69,1.4,0,4,0,0,0
10/17/2010,80,54,67,-0.3,0,2,0,0,0
10/18/2010,86,61,73.5,6.5,0,9,0,0,0
10/19/2010,86,64,75,8.3,0,10,0,0,0
10/20/2010,82,62,72,5.6,0,7,0,0,0
10/21/2010,87,63,75,9,0,10,0,0,0
10/22/2010,82,66,74,8.3,0,9,0.03,0,0
10/23/2010,75,60,67.5,2.1,0,3,1.11,0,0
10/24/2010,86,62,74,8.9,0,9,0,0,0
10/25/2010,88,63,75.5,10.7,0,11,0,0,0
10/26/2010,78,59,68.5,4.1,0,4,0,0,0
10/27/2010,83,56,69.5,5.4,0,5,0,0,0
10/28/2010,70,50,60,-3.8,5,0,0,0,0
10/29/2010,70,42,56,-7.4,9,0,0,0,0
10/30/2010,80,44,62,-1.1,3,0,0,0,0
10/31/2010,85,53,69,6.3,0,4,0,0,0
11/1/2010,74,57,65.5,3.1,0,1,T,0,0
11/2/2010,58,53,55.5,-6.5,9,0,1.04,0,0
11/3/2010,71,48,59.5,-2.1,5,0,0.3,0,0
11/4/2010,65,48,56.5,-4.7,8,0,0,0,0
11/5/2010,62,43,52.5,-8.4,12,0,0,0,0
11/6/2010,66,38,52,-8.5,13,0,0,0,0
11/7/2010,71,40,55.5,-4.6,9,0,0,0,0
11/8/2010,75,49,62,2.3,3,0,0,0,0
11/9/2010,76,55,65.5,6.2,0,1,0,0,0
11/10/2010,79,57,68,9.1,0,3,0,0,0
11/11/2010,77,64,70.5,12.1,0,6,0.02,0,0
11/12/2010,79,50,64.5,6.5,0,0,0.02,0,0
11/13/2010,60,44,52,-5.6,13,0,0,0,0
11/14/2010,62,39,50.5,-6.7,14,0,0,0,0
11/15/2010,63,43,53,-3.8,12,0,0.03,0,0
11/16/2010,64,46,55,-1.3,10,0,0.03,0,0
11/17/2010,72,48,60,4.1,5,0,0,0,0
11/18/2010,58,41,49.5,-6,15,0,0,0,0
11/19/2010,67,38,52.5,-2.6,12,0,0,0,0
11/20/2010,72,50,61,6.3,4,0,0,0,0
11/21/2010,81,64,72.5,18.3,0,8,0,0,0
11/22/2010,82,67,74.5,20.7,0,10,0,0,0
11/23/2010,77,59,68,14.6,0,3,T,0,0
11/24/2010,84,71,77.5,24.5,0,13,0,0,0
11/25/2010,74,36,55,2.4,10,0,0.01,0,0
11/26/2010,53,32,42.5,-9.7,22,0,0,0,0
11/27/2010,63,30,46.5,-5.4,18,0,0,0,0
11/28/2010,67,36,51.5,0,13,0,0,0,0
11/29/2010,72,48,60,8.9,5,0,0.05,0,0
11/30/2010,51,36,43.5,-7.3,21,0,0,0,0
12/1/2010,65,32,48.5,-1.9,16,0,0,0,0
12/2/2010,67,39,53,2.9,12,0,0,0,0
12/3/2010,75,42,58.5,8.7,6,0,0,0,0
12/4/2010,65,45,55,5.6,10,0,0,0,0
12/5/2010,49,35,42,-7.1,23,0,0,0,0
12/6/2010,50,30,40,-8.8,25,0,0,0,0
12/7/2010,56,31,43.5,-5.1,21,0,0,0,0
12/8/2010,54,37,45.5,-2.8,19,0,0,0,0
12/9/2010,60,38,49,0.9,16,0,0,0,0
12/10/2010,68,40,54,6.2,11,0,0,0,0
12/11/2010,64,42,53,5.4,12,0,0,0,0
12/12/2010,47,32,39.5,-7.9,25,0,0,0,0
12/13/2010,53,27,40,-7.2,25,0,0,0,0
12/14/2010,68,33,50.5,3.5,14,0,0,0,0
12/15/2010,77,52,64.5,17.7,0,0,0,0,0
12/16/2010,66,40,53,6.4,12,0,0,0,0
12/17/2010,52,34,43,-3.5,22,0,0,0,0
12/18/2010,54,32,43,-3.3,22,0,0,0,0
12/19/2010,62,39,50.5,4.3,14,0,0,0,0
12/20/2010,79,49,64,17.9,1,0,0,0,0
12/21/2010,85,50,67.5,21.5,0,3,0,0,0
12/22/2010,52,42,47,1.1,18,0,0,0,0
12/23/2010,51,40,45.5,-0.3,19,0,0,0,0
12/24/2010,50,39,44.5,-1.2,20,0,0.99,0,0
12/25/2010,41,33,37,-8.7,28,0,0,0,0
12/26/2010,42,26,34,-11.6,31,0,0,0,0
12/27/2010,51,26,38.5,-7,26,0,0,0,0
12/28/2010,53,40,46.5,1,18,0,0.35,0,0
12/29/2010,69,53,61,15.5,4,0,0.71,0,0
12/30/2010,70,58,64,18.6,1,0,0,0,0
12/31/2010,67,39,53,7.6,12,0,T,0,0
1/1/2011,45,29,37,-8.4,28,0,0,0,0
1/2/2011,49,25,37,-8.4,28,0,0,0,0
1/3/2011,60,30,45,-0.4,20,0,0,0,0
1/4/2011,57,40,48.5,3.1,16,0,0,0,0
1/5/2011,58,33,45.5,0.1,19,0,0,0,0
1/6/2011,63,36,49.5,4.1,15,0,0,0,0
1/7/2011,67,36,51.5,6.1,13,0,0,0,0
1/8/2011,53,35,44,-1.5,21,0,T,0,0
1/9/2011,47,29,38,-7.5,27,0,1.27,0.2,0
1/10/2011,35,29,32,-13.5,33,0,T,0.1,T
1/11/2011,34,21,27.5,-18.1,37,0,0,0,0
1/12/2011,34,23,28.5,-17.1,36,0,0,0,0
1/13/2011,39,23,31,-14.6,34,0,0,0,0
1/14/2011,47,27,37,-8.7,28,0,0,0,0
1/15/2011,48,40,44,-1.7,21,0,0.05,0,0
1/16/2011,46,44,45,-0.8,20,0,0.16,0,0
1/17/2011,58,45,51.5,5.7,13,0,T,0,0
1/18/2011,56,38,47,1.1,18,0,T,0,0
1/19/2011,56,32,44,-2,21,0,0,0,0
1/20/2011,52,25,38.5,-7.5,26,0,0.03,0,0
1/21/2011,43,20,31.5,-14.6,33,0,0,0,0
1/22/2011,60,25,42.5,-3.7,22,0,0,0,0
1/23/2011,50,30,40,-6.3,25,0,0,0,0
1/24/2011,56,23,39.5,-6.9,25,0,0,0,0
1/25/2011,53,37,45,-1.5,20,0,T,0,0
1/26/2011,61,28,44.5,-2.1,20,0,0,0,0
1/27/2011,65,32,48.5,1.8,16,0,0,0,0
1/28/2011,75,36,55.5,8.7,9,0,0,0,0
1/29/2011,75,39,57,10.1,8,0,0,0,0
1/30/2011,69,41,55,8,10,0,0,0,0
1/31/2011,53,38,45.5,-1.6,19,0,0.09,T,0
2/1/2011,38,14,26,-21.3,39,0,0.41,0.9,1
2/2/2011,20,13,16.5,-30.9,48,0,0,0,1
2/3/2011,23,17,20,-27.6,45,0,0.01,0.2,1
2/4/2011,29,19,24,-23.7,41,0,0.15,2.6,3
2/5/2011,54,17,35.5,-12.4,29,0,0,0,2
2/6/2011,54,35,44.5,-3.5,20,0,0.03,0,T
2/7/2011,49,32,40.5,-7.7,24,0,0,0,0
2/8/2011,56,29,42.5,-5.9,22,0,0,0,0
2/9/2011,47,16,31.5,-17.1,33,0,0.17,0.3,T
2/10/2011,36,15,25.5,-23.3,39,0,0,0,T
2/11/2011,55,20,37.5,-11.5,27,0,0,0,0
2/12/2011,66,27,46.5,-2.7,18,0,0,0,0
2/13/2011,73,34,53.5,4.1,11,0,0,0,0
2/14/2011,72,42,57,7.4,8,0,0,0,0
2/15/2011,77,57,67,17.2,0,2,0,0,0
2/16/2011,73,61,67,16.9,0,2,0,0,0
2/17/2011,77,63,70,19.7,0,5,0,0,0
2/18/2011,82,62,72,21.5,0,7,0,0,0
2/19/2011,75,55,65,14.2,0,0,0,0,0
2/20/2011,78,61,69.5,18.5,0,5,0,0,0
2/21/2011,75,45,60,8.7,5,0,0,0,0
2/22/2011,67,37,52,0.5,13,0,T,0,0
2/23/2011,70,59,64.5,12.7,0,0,T,0,0
2/24/2011,82,44,63,10.9,2,0,0.14,0,0
2/25/2011,57,39,48,-4.3,17,0,0,0,0
2/26/2011,75,42,58.5,5.9,6,0,0,0,0
2/27/2011,77,66,71.5,18.6,0,7,0.01,0,0
2/28/2011,69,45,57,3.8,8,0,0,0,0
3/1/2011,69,37,53,-0.5,12,0,0,0,0
3/2/2011,73,46,59.5,5.8,5,0,0,0,0
3/3/2011,76,47,61.5,7.5,3,0,0,0,0
3/4/2011,72,57,64.5,10.2,0,0,0,0,0
3/5/2011,58,40,49,-5.6,16,0,0,0,0
3/6/2011,62,30,46,-8.9,19,0,0,0,0
3/7/2011,66,47,56.5,1.4,8,0,0,0,0
3/8/2011,82,53,67.5,12.1,0,3,0.01,0,0
3/9/2011,65,45,55,-0.7,10,0,0,0,0
3/10/2011,68,40,54,-2,11,0,0,0,0
3/11/2011,78,42,60,3.7,5,0,0,0,0
3/12/2011,78,55,66.5,9.9,0,2,0,0,0
3/13/2011,75,58,66.5,9.7,0,2,T,0,0
3/14/2011,62,42,52,-5.1,13,0,0,0,0
3/15/2011,64,38,51,-6.4,14,0,0,0,0
3/16/2011,75,52,63.5,5.8,1,0,0,0,0
3/17/2011,83,65,74,16.1,0,9,0,0,0
3/18/2011,85,65,75,16.8,0,10,0,0,0
3/19/2011,83,65,74,15.5,0,9,0,0,0
3/20/2011,81,63,72,13.3,0,7,0,0,0
3/21/2011,82,64,73,14,0,8,0,0,0
3/22/2011,82,65,73.5,14.2,0,9,0,0,0
3/23/2011,80,55,67.5,8,0,3,0,0,0
3/24/2011,78,51,64.5,4.7,0,0,0,0,0
3/25/2011,85,62,73.5,13.5,0,9,0,0,0
3/26/2011,85,49,67,6.7,0,2,0,0,0
3/27/2011,51,47,49,-11.6,16,0,T,0,0
3/28/2011,60,48,54,-6.8,11,0,0,0,0
3/29/2011,55,46,50.5,-10.6,14,0,0.06,0,0
3/30/2011,55,40,47.5,-13.8,17,0,0,0,0
3/31/2011,78,40,59,-2.6,6,0,0,0,0
4/1/2011,89,48,68.5,6.7,0,4,0,0,0
4/2/2011,85,55,70,7.9,0,5,0,0,0
4/3/2011,86,68,77,14.7,0,12,0,0,0
4/4/2011,76,43,59.5,-3.1,5,0,1.14,0,0
4/5/2011,72,38,55,-7.8,10,0,0,0,0
4/6/2011,82,54,68,4.9,0,3,0,0,0
4/7/2011,81,64,72.5,9.2,0,8,0,0,0
4/8/2011,89,69,79,15.4,0,14,0,0,0
4/9/2011,89,69,79,15.2,0,14,0,0,0
4/10/2011,88,69,78.5,14.4,0,14,T,0,0
4/11/2011,77,57,67,2.6,0,2,0.69,0,0
4/12/2011,78,49,63.5,-1.1,1,0,0,0,0
4/13/2011,80,54,67,2.1,0,2,0,0,0
4/14/2011,84,64,74,8.9,0,9,0.01,0,0
4/15/2011,74,57,65.5,0.1,0,1,0,0,0
4/16/2011,75,50,62.5,-3.1,2,0,0,0,0
4/17/2011,83,52,67.5,1.6,0,3,0,0,0
4/18/2011,91,69,80,13.8,0,15,0,0,0
4/19/2011,91,70,80.5,14.1,0,16,0.05,0,0
4/20/2011,70,60,65,-1.7,0,0,T,0,0
4/21/2011,86,59,72.5,5.5,0,8,0.03,0,0
4/22/2011,90,73,81.5,14.3,0,17,0,0,0
4/23/2011,89,73,81,13.5,0,16,0.02,0,0
4/24/2011,88,66,77,9.2,0,12,0.09,0,0
4/25/2011,84,66,75,7,0,10,0.43,T,0
4/26/2011,72,57,64.5,-3.8,0,0,0,0,0
4/27/2011,70,53,61.5,-7.1,3,0,0,0,0
4/28/2011,78,47,62.5,-6.4,2,0,0,0,0
4/29/2011,85,55,70,0.9,0,5,0,0,0
4/30/2011,87,68,77.5,8.1,0,13,0,0,0
5/1/2011,72,47,59.5,-10.2,5,0,0.65,0,0
5/2/2011,53,46,49.5,-20.5,15,0,2,0,0
5/3/2011,70,42,56,-14.3,9,0,0,0,0
5/4/2011,75,48,61.5,-9,3,0,0,0,0
5/5/2011,78,55,66.5,-4.3,0,2,0,0,0
5/6/2011,85,53,69,-2.1,0,4,0,0,0
5/7/2011,90,65,77.5,6.1,0,13,0,0,0
5/8/2011,91,70,80.5,8.8,0,16,0,0,0
5/9/2011,92,73,82.5,10.6,0,18,0,0,0
5/10/2011,86,68,77,4.8,0,12,0.09,0,0
5/11/2011,81,64,72.5,0,0,8,1.01,0,0
5/12/2011,82,61,71.5,-1.3,0,7,T,0,0
5/13/2011,76,59,67.5,-5.6,0,3,0,0,0
5/14/2011,71,52,61.5,-11.9,3,0,0,0,0
5/15/2011,74,52,63,-10.6,2,0,0,0,0
5/16/2011,74,53,63.5,-10.4,1,0,0,0,0
5/17/2011,82,54,68,-6.2,0,3,0,0,0
5/18/2011,87,67,77,2.5,0,12,0,0,0
5/19/2011,82,72,77,2.2,0,12,T,0,0
5/20/2011,86,63,74.5,-0.5,0,10,1.13,0,0
5/21/2011,88,60,74,-1.3,0,9,0,0,0
5/22/2011,91,66,78.5,2.9,0,14,0.96,0,0
5/23/2011,87,69,78,2.1,0,13,0.89,T,0
5/24/2011,91,73,82,5.9,0,17,1.22,T,0
5/25/2011,92,70,81,4.6,0,16,0,0,0
5/26/2011,82,60,71,-5.7,0,6,0,0,0
5/27/2011,95,65,80,3,0,15,0,0,0
5/28/2011,97,75,86,8.8,0,21,0,0,0
5/29/2011,94,74,84,6.5,0,19,0,0,0
5/30/2011,93,76,84.5,6.8,0,20,0,0,0
5/31/2011,93,74,83.5,5.5,0,19,0,0,0
6/1/2011,94,76,85,6.7,0,20,0,0,0
6/2/2011,96,71,83.5,5,0,19,0,0,0
6/3/2011,97,73,85,6.2,0,20,0,0,0
6/4/2011,96,71,83.5,4.5,0,19,0,0,0
6/5/2011,99,75,87,7.8,0,22,0,0,0
6/6/2011,99,72,85.5,6,0,21,0,0,0
6/7/2011,97,72,84.5,4.8,0,20,0,0,0
6/8/2011,95,76,85.5,5.6,0,21,0,0,0
6/9/2011,95,76,85.5,5.3,0,21,0,0,0
6/10/2011,95,77,86,5.6,0,21,0,0,0
6/11/2011,96,76,86,5.4,0,21,0,0,0
6/12/2011,97,77,87,6.2,0,22,0,0,0
6/13/2011,100,78,89,8,0,24,0,0,0
6/14/2011,101,78,89.5,8.3,0,25,0,0,0
6/15/2011,100,78,89,7.6,0,24,T,0,0
6/16/2011,100,78,89,7.4,0,24,0,0,0
6/17/2011,102,80,91,9.2,0,26,0,0,0
6/18/2011,104,79,91.5,9.5,0,27,T,0,0
6/19/2011,102,81,91.5,9.3,0,27,0,0,0
6/20/2011,99,78,88.5,6.2,0,24,0,0,0
6/21/2011,96,67,81.5,-1,0,17,2.84,T,0
6/22/2011,91,71,81,-1.7,0,16,0,0,0
6/23/2011,96,71,83.5,0.7,0,19,0,0,0
6/24/2011,95,75,85,2,0,20,0,0,0
6/25/2011,95,78,86.5,3.3,0,22,0,0,0
6/26/2011,97,77,87,3.7,0,22,0,0,0
6/27/2011,99,79,89,5.6,0,24,0,0,0
6/28/2011,99,81,90,6.4,0,25,0,0,0
6/29/2011,98,78,88,4.3,0,23,0,0,0
6/30/2011,99,78,88.5,4.7,0,24,0,0,0
7/1/2011,98,75,86.5,2.5,0,22,0,0,0
7/2/2011,101,76,88.5,4.4,0,24,0,0,0
7/3/2011,101,77,89,4.8,0,24,0,0,0
7/4/2011,100,78,89,4.7,0,24,0,0,0
7/5/2011,102,79,90.5,6.1,0,26,0,0,0
7/6/2011,102,77,89.5,5,0,25,0,0,0
7/7/2011,102,80,91,6.4,0,26,0,0,0
7/8/2011,105,83,94,9.3,0,29,0,0,0
7/9/2011,101,84,92.5,7.7,0,28,T,0,0
7/10/2011,100,82,91,6.1,0,26,0,0,0
7/11/2011,100,80,90,5,0,25,0,0,0
7/12/2011,100,83,91.5,6.4,0,27,0,0,0
7/13/2011,103,83,93,7.8,0,28,0,0,0
7/14/2011,103,84,93.5,8.2,0,29,0,0,0
7/15/2011,105,82,93.5,8.1,0,29,0,0,0
7/16/2011,101,80,90.5,5.1,0,26,0.09,0,0
7/17/2011,101,80,90.5,5,0,26,0,0,0
7/18/2011,101,82,91.5,5.9,0,27,0,0,0
7/19/2011,101,80,90.5,4.8,0,26,0,0,0
7/20/2011,100,79,89.5,3.8,0,25,0,0,0
7/21/2011,102,83,92.5,6.7,0,28,0,0,0
7/22/2011,101,82,91.5,5.6,0,27,0,0,0
7/23/2011,102,81,91.5,5.6,0,27,0,0,0
7/24/2011,104,82,93,7,0,28,0,0,0
7/25/2011,106,85,95.5,9.4,0,31,0,0,0
7/26/2011,102,86,94,7.9,0,29,0,0,0
7/27/2011,104,83,93.5,7.3,0,29,0,0,0
7/28/2011,101,81,91,4.8,0,26,0,0,0
7/29/2011,101,82,91.5,5.2,0,27,0,0,0
7/30/2011,100,79,89.5,3.2,0,25,0,0,0
7/31/2011,103,84,93.5,7.1,0,29,0,0,0
8/1/2011,107,82,94.5,8.1,0,30,0,0,0
8/2/2011,110,83,96.5,10.1,0,32,0,0,0
8/3/2011,109,86,97.5,11.1,0,33,0,0,0
8/4/2011,108,86,97,10.5,0,32,0,0,0
8/5/2011,107,83,95,8.5,0,30,0,0,0
8/6/2011,105,84,94.5,8,0,30,0,0,0
8/7/2011,104,85,94.5,8,0,30,0,0,0
8/8/2011,105,84,94.5,8,0,30,0,0,0
8/9/2011,107,84,95.5,9.1,0,31,0,0,0
8/10/2011,104,83,93.5,7.1,0,29,0,0,0
8/11/2011,97,83,90,3.6,0,25,T,0,0
8/12/2011,103,81,92,5.7,0,27,0,0,0
8/13/2011,89,75,82,-4.3,0,17,0.86,0,0
8/14/2011,99,76,87.5,1.3,0,23,0,0,0
8/15/2011,103,79,91,4.9,0,26,0,0,0
8/16/2011,104,86,95,9,0,30,0,0,0
8/17/2011,104,85,94.5,8.6,0,30,0,0,0
8/18/2011,106,81,93.5,7.7,0,29,0,0,0
8/19/2011,107,81,94,8.3,0,29,0,0,0
8/20/2011,107,85,96,10.4,0,31,0,0,0
8/21/2011,102,84,93,7.6,0,28,0,0,0
8/22/2011,104,85,94.5,9.2,0,30,0,0,0
8/23/2011,104,83,93.5,8.4,0,29,0,0,0
8/24/2011,106,82,94,9.1,0,29,0,0,0
8/25/2011,103,77,90,5.3,0,25,0.07,0,0
8/26/2011,106,81,93.5,9,0,29,0,0,0
8/27/2011,106,80,93,8.7,0,28,0,0,0
8/28/2011,107,84,95.5,11.5,0,31,0,0,0
8/29/2011,102,80,91,7.2,0,26,0.02,0,0
8/30/2011,103,83,93,9.5,0,28,0.01,0,0
8/31/2011,104,85,94.5,11.2,0,30,0,0,0
9/1/2011,101,80,90.5,7.5,0,26,0,0,0
9/2/2011,101,83,92,9.3,0,27,0,0,0
9/3/2011,100,78,89,6.6,0,24,0,0,0
9/4/2011,96,75,85.5,3.4,0,21,0,0,0
9/5/2011,85,66,75.5,-6.3,0,11,0,0,0
9/6/2011,88,58,73,-8.4,0,8,0,0,0
9/7/2011,90,61,75.5,-5.6,0,11,0,0,0
9/8/2011,88,66,77,-3.8,0,12,0,0,0
9/9/2011,90,65,77.5,-2.9,0,13,0,0,0
9/10/2011,93,60,76.5,-3.6,0,12,0,0,0
9/11/2011,96,64,80,0.3,0,15,0,0,0
9/12/2011,103,69,86,6.7,0,21,0,0,0
9/13/2011,107,75,91,12,0,26,0,0,0
9/14/2011,97,74,85.5,6.9,0,21,T,0,0
9/15/2011,78,65,71.5,-6.7,0,7,0,0,0
9/16/2011,91,68,79.5,1.7,0,15,0.65,0,0
9/17/2011,91,68,79.5,2.1,0,15,0,0,0
9/18/2011,94,72,83,5.9,0,18,0,0,0
9/19/2011,88,66,77,0.3,0,12,0,0,0
9/20/2011,90,62,76,-0.3,0,11,0,0,0
9/21/2011,93,67,80,4.1,0,15,0,0,0
9/22/2011,79,62,70.5,-5.1,0,6,T,0,0
9/23/2011,83,57,70,-5.2,0,5,0,0,0
9/24/2011,96,60,78,3.2,0,13,0,0,0
9/25/2011,93,72,82.5,8.1,0,18,0,0,0
9/26/2011,90,61,75.5,1.4,0,11,0,0,0
9/27/2011,93,69,81,7.3,0,16,0,0,0
9/28/2011,96,69,82.5,9.1,0,18,0,0,0
9/29/2011,101,69,85,12,0,20,0.01,0,0
9/30/2011,83,64,73.5,0.9,0,9,0,0,0
10/1/2011,83,55,69,-3.3,0,4,0,0,0
10/2/2011,84,57,70.5,-1.5,0,6,0,0,0
10/3/2011,87,56,71.5,-0.1,0,7,0,0,0
10/4/2011,86,56,71,-0.3,0,6,0,0,0
10/5/2011,87,59,73,2,0,8,0,0,0
10/6/2011,88,63,75.5,4.9,0,11,0,0,0
10/7/2011,90,73,81.5,11.2,0,17,0,0,0
10/8/2011,87,66,76.5,6.5,0,12,0.06,0,0
10/9/2011,73,62,67.5,-2.2,0,3,1.37,0,0
10/10/2011,76,62,69,-0.4,0,4,0,0,0
10/11/2011,84,63,73.5,4.4,0,9,0,0,0
10/12/2011,84,62,73,4.2,0,8,0.9,T,0
10/13/2011,80,59,69.5,1,0,5,0,0,0
10/14/2011,86,55,70.5,2.3,0,6,0,0,0
10/15/2011,88,59,73.5,5.6,0,9,0,0,0
10/16/2011,87,61,74,6.4,0,9,0,0,0
10/17/2011,88,62,75,7.7,0,10,0.31,0,0
10/18/2011,68,54,61,-6,4,0,0,0,0
10/19/2011,70,49,59.5,-7.2,5,0,0,0,0
10/20/2011,72,43,57.5,-8.9,7,0,0,0,0
10/21/2011,82,50,66,0,0,1,0,0,0
10/22/2011,84,62,73,7.3,0,8,0,0,0
10/23/2011,75,60,67.5,2.1,0,3,0.34,0,0
10/24/2011,80,54,67,1.9,0,2,0,0,0
10/25/2011,85,64,74.5,9.7,0,10,0,0,0
10/26/2011,84,61,72.5,8.1,0,8,0,0,0
10/27/2011,61,48,54.5,-9.6,10,0,0.14,0,0
10/28/2011,62,45,53.5,-10.3,11,0,0,0,0
10/29/2011,66,39,52.5,-10.9,12,0,0,0,0
10/30/2011,71,45,58,-5.1,7,0,0,0,0
10/31/2011,77,46,61.5,-1.2,3,0,0,0,0
11/1/2011,77,57,67,4.6,0,2,0,0,0
11/2/2011,78,47,62.5,0.5,2,0,0.01,0,0
11/3/2011,58,41,49.5,-12.1,15,0,0,0,0
11/4/2011,64,34,49,-12.2,16,0,0,0,0
11/5/2011,71,43,57,-3.9,8,0,0,0,0
11/6/2011,78,65,71.5,11,0,7,0,0,0
11/7/2011,79,68,73.5,13.4,0,9,0.18,0,0
11/8/2011,75,52,63.5,3.8,1,0,0.04,0,0
11/9/2011,63,44,53.5,-5.8,11,0,0,0,0
11/10/2011,65,39,52,-6.9,13,0,0,0,0
11/11/2011,69,38,53.5,-4.9,11,0,0,0,0
11/12/2011,76,52,64,6,1,0,0,0,0
11/13/2011,84,59,71.5,13.9,0,7,0,0,0
11/14/2011,82,69,75.5,18.3,0,11,T,0,0
11/15/2011,82,62,72,15.2,0,7,0.07,0,0
11/16/2011,65,46,55.5,-0.8,9,0,0,0,0
11/17/2011,57,35,46,-9.9,19,0,0,0,0
11/18/2011,65,43,54,-1.5,11,0,0,0,0
11/19/2011,78,63,70.5,15.4,0,6,0,0,0
11/20/2011,76,49,62.5,7.8,2,0,0.01,0,0
11/21/2011,56,47,51.5,-2.7,13,0,0.4,0,0
11/22/2011,62,45,53.5,-0.3,11,0,0.09,0,0
11/23/2011,68,43,55.5,2.1,9,0,0,0,0
11/24/2011,58,42,50,-3,15,0,0,0,0
11/25/2011,72,51,61.5,8.9,3,0,0,0,0
11/26/2011,66,49,57.5,5.3,7,0,0.06,0,0
11/27/2011,51,37,44,-7.9,21,0,0,0,0
11/28/2011,57,31,44,-7.5,21,0,0,0,0
11/29/2011,60,36,48,-3.1,17,0,0,0,0
11/30/2011,59,36,47.5,-3.3,17,0,0,0,0
12/1/2011,67,39,53,2.6,12,0,0.01,0,0
12/2/2011,60,45,52.5,2.4,12,0,0.05,0,0
12/3/2011,65,53,59,9.2,6,0,0.73,0,0
12/4/2011,53,41,47,-2.4,18,0,1.51,0,0
12/5/2011,42,34,38,-11.1,27,0,0.67,0,0
12/6/2011,38,29,33.5,-15.3,31,0,T,0,0
12/7/2011,46,22,34,-14.6,31,0,0,0,0
12/8/2011,55,28,41.5,-6.8,23,0,0,0,0
12/9/2011,49,33,41,-7.1,24,0,0,0,0
12/10/2011,53,33,43,-4.8,22,0,0,0,0
12/11/2011,53,36,44.5,-3.1,20,0,0,0,0
12/12/2011,54,45,49.5,2.1,15,0,0.01,0,0
12/13/2011,64,50,57,9.8,8,0,0.01,0,0
12/14/2011,69,61,65,18,0,0,0.32,0,0
12/15/2011,63,43,53,6.2,12,0,0.45,0,0
12/16/2011,53,37,45,-1.6,20,0,0.03,0,0
12/17/2011,59,33,46,-0.5,19,0,0,0,0
12/18/2011,58,40,49,2.7,16,0,0,0,0
12/19/2011,64,50,57,10.8,8,0,0.55,0,0
12/20/2011,51,41,46,-0.1,19,0,0,0,0
12/21/2011,55,34,44.5,-1.5,20,0,0,0,0
12/22/2011,60,40,50,4.1,15,0,0,0,0
12/23/2011,44,38,41,-4.8,24,0,0,0,0
12/24/2011,43,39,41,-4.7,24,0,0.01,0,0
12/25/2011,50,41,45.5,-0.2,19,0,T,0,0
12/26/2011,48,40,44,-1.6,21,0,T,0,0
12/27/2011,60,35,47.5,2,17,0,0,0,0
12/28/2011,61,32,46.5,1,18,0,0,0,0
12/29/2011,67,34,50.5,5,14,0,0,0,0
12/30/2011,67,41,54,8.6,11,0,0,0,0
12/31/2011,74,37,55.5,10.1,9,0,0,0,0
1/1/2012,60,41,50.5,5.1,14,0,0,0,0
1/2/2012,54,32,43,-2.4,22,0,0,0,0
1/3/2012,59,28,43.5,-1.9,21,0,0,0,0
1/4/2012,61,37,49,3.6,16,0,0,0,0
1/5/2012,67,33,50,4.6,15,0,0,0,0
1/6/2012,73,45,59,13.6,6,0,0,0,0
1/7/2012,60,45,52.5,7.1,12,0,0,0,0
1/8/2012,57,40,48.5,3,16,0,0.08,0,0
1/9/2012,49,43,46,0.5,19,0,1.31,0,0
1/10/2012,48,42,45,-0.5,20,0,0.38,0,0
1/11/2012,66,34,50,4.4,15,0,0,0,0
1/12/2012,42,30,36,-9.6,29,0,0,0,0
1/13/2012,57,26,41.5,-4.1,23,0,0,0,0
1/14/2012,66,32,49,3.3,16,0,0,0,0
1/15/2012,65,37,51,5.3,14,0,0,0,0
1/16/2012,72,59,65.5,19.7,0,1,0,0,0
1/17/2012,65,37,51,5.2,14,0,0,0,0
1/18/2012,54,29,41.5,-4.4,23,0,0,0,0
1/19/2012,73,37,55,9,10,0,0,0,0
1/20/2012,77,45,61,15,4,0,0,0,0
1/21/2012,51,36,43.5,-2.6,21,0,0,0,0
1/22/2012,79,39,59,12.8,6,0,0,0,0
1/23/2012,62,40,51,4.7,14,0,0,0,0
1/24/2012,68,42,55,8.6,10,0,0.73,0,0
1/25/2012,51,48,49.5,3,15,0,3.54,0,0
1/26/2012,60,45,52.5,5.9,12,0,0.14,0,0
1/27/2012,67,35,51,4.3,14,0,0,0,0
1/28/2012,52,39,45.5,-1.3,19,0,0,0,0
1/29/2012,61,30,45.5,-1.4,19,0,0,0,0
1/30/2012,67,41,54,7,11,0,0,0,0
1/31/2012,76,58,67,19.9,0,2,0,0,0
2/1/2012,72,51,61.5,14.2,3,0,T,0,0
2/2/2012,75,46,60.5,13.1,4,0,0.02,0,0
2/3/2012,74,53,63.5,15.9,1,0,0.03,0,0
2/4/2012,56,44,50,2.3,15,0,0,0,0
2/5/2012,48,38,43,-4.9,22,0,0,0,0
2/6/2012,54,33,43.5,-4.5,21,0,0,0,0
2/7/2012,60,46,53,4.8,12,0,0,0,0
2/8/2012,46,38,42,-6.4,23,0,0,0,0
2/9/2012,57,35,46,-2.6,19,0,0.04,0,0
2/10/2012,58,34,46,-2.8,19,0,0.08,0,0
2/11/2012,38,28,33,-16,32,0,0,0,0
2/12/2012,42,25,33.5,-15.7,31,0,0.05,0.3,0
2/13/2012,47,34,40.5,-8.9,24,0,0.21,T,0
2/14/2012,65,45,55,5.4,10,0,0,0,0
2/15/2012,76,53,64.5,14.7,0,0,0.04,0,0
2/16/2012,56,42,49,-1.1,16,0,0,0,0
2/17/2012,63,46,54.5,4.2,10,0,0.01,0,0
2/18/2012,53,46,49.5,-1,15,0,1.4,0,0
2/19/2012,54,38,46,-4.8,19,0,0,0,0
2/20/2012,63,42,52.5,1.5,12,0,0,0,0
2/21/2012,69,35,52,0.7,13,0,0,0,0
2/22/2012,79,55,67,15.5,0,2,0,0,0
2/23/2012,82,52,67,15.2,0,2,0,0,0
2/24/2012,60,44,52,-0.1,13,0,0,0,0
2/25/2012,64,35,49.5,-2.8,15,0,0,0,0
2/26/2012,65,40,52.5,-0.1,12,0,0,0,0
2/27/2012,71,53,62,9.1,3,0,0,0,0
2/28/2012,73,59,66,12.8,0,1,T,0,0
2/29/2012,77,53,65,11.7,0,0,0,0,0
3/1/2012,80,47,63.5,10,1,0,0,0,0
3/2/2012,69,51,60,6.3,5,0,0,0,0
3/3/2012,62,41,51.5,-2.5,13,0,0,0,0
3/4/2012,74,35,54.5,0.2,10,0,0,0,0
3/5/2012,77,43,60,5.4,5,0,0,0,0
3/6/2012,72,53,62.5,7.6,2,0,0,0,0
3/7/2012,70,64,67,11.9,0,2,0.01,0,0
3/8/2012,72,43,57.5,2.1,7,0,0.13,0,0
3/9/2012,54,40,47,-8.7,18,0,T,0,0
3/10/2012,53,47,50,-6,15,0,1.16,0,0
3/11/2012,64,50,57,0.7,8,0,0.17,0,0
3/12/2012,80,53,66.5,9.9,0,2,0,0,0
3/13/2012,76,62,69,12.2,0,4,0,0,0
3/14/2012,76,67,71.5,14.4,0,7,0,0,0
3/15/2012,79,66,72.5,15.1,0,8,0,0,0
3/16/2012,79,67,73,15.3,0,8,0,0,0
3/17/2012,78,65,71.5,13.6,0,7,T,0,0
3/18/2012,75,68,71.5,13.3,0,7,0,0,0
3/19/2012,78,57,67.5,9,0,3,1.87,0,0
3/20/2012,64,52,58,-0.7,7,0,2.17,0,0
3/21/2012,64,50,57,-2,8,0,T,0,0
3/22/2012,72,47,59.5,0.2,5,0,0.23,0,0
3/23/2012,75,46,60.5,1,4,0,0,0,0
3/24/2012,81,50,65.5,5.7,0,1,0,0,0
3/25/2012,86,59,72.5,12.5,0,8,0,0,0
3/26/2012,82,58,70,9.7,0,5,0,0,0
3/27/2012,78,59,68.5,7.9,0,4,0,0,0
3/28/2012,78,63,70.5,9.7,0,6,0,0,0
3/29/2012,79,59,69,7.9,0,4,0,0,0
3/30/2012,82,67,74.5,13.2,0,10,T,0,0
3/31/2012,83,64,73.5,11.9,0,9,0,0,0
4/1/2012,85,68,76.5,14.7,0,12,0,0,0
4/2/2012,84,68,76,13.9,0,11,0,0,0
4/3/2012,77,60,68.5,6.2,0,4,1.43,T,0
4/4/2012,75,57,66,3.4,0,1,0,0,0
4/5/2012,76,55,65.5,2.7,0,1,0,0,0
4/6/2012,79,54,66.5,3.4,0,2,0,0,0
4/7/2012,82,59,70.5,7.2,0,6,0,0,0
4/8/2012,71,60,65.5,1.9,0,1,2.23,0,0
4/9/2012,73,59,66,2.2,0,1,0,0,0
4/10/2012,83,62,72.5,8.4,0,8,0,0,0
4/11/2012,82,61,71.5,7.1,0,7,0,0,0
4/12/2012,79,62,70.5,5.9,0,6,0,0,0
4/13/2012,80,65,72.5,7.6,0,8,0,0,0
4/14/2012,81,72,76.5,11.4,0,12,T,0,0
4/15/2012,77,58,67.5,2.1,0,3,0.5,0,0
4/16/2012,74,54,64,-1.6,1,0,0,0,0
4/17/2012,79,51,65,-0.9,0,0,0,0,0
4/18/2012,80,53,66.5,0.3,0,2,0,0,0
4/19/2012,83,57,70,3.6,0,5,0,0,0
4/20/2012,70,56,63,-3.7,2,0,0.08,0,0
4/21/2012,75,46,60.5,-6.5,4,0,0,0,0
4/22/2012,82,52,67,-0.2,0,2,0,0,0
4/23/2012,75,52,63.5,-4,1,0,0,0,0
4/24/2012,86,53,69.5,1.7,0,5,0,0,0
4/25/2012,89,65,77,9,0,12,0,0,0
4/26/2012,88,70,79,10.7,0,14,0,0,0
4/27/2012,89,68,78.5,9.9,0,14,0,0,0
4/28/2012,87,69,78,9.1,0,13,0,0,0
4/29/2012,86,68,77,7.9,0,12,T,0,0
4/30/2012,85,72,78.5,9.1,0,14,T,0,0
5/1/2012,88,71,79.5,9.8,0,15,0,0,0
5/2/2012,85,71,78,8,0,13,0,0,0
5/3/2012,91,71,81,10.7,0,16,0,0,0
5/4/2012,93,73,83,12.5,0,18,T,0,0
5/5/2012,92,67,79.5,8.7,0,15,0,0,0
5/6/2012,90,74,82,10.9,0,17,0,0,0
5/7/2012,88,70,79,7.6,0,14,T,0,0
5/8/2012,72,67,69.5,-2.2,0,5,0,0,0
5/9/2012,83,61,72,0.1,0,7,0,0,0
5/10/2012,82,60,71,-1.2,0,6,0,0,0
5/11/2012,76,64,70,-2.5,0,5,0.69,0,0
5/12/2012,73,64,68.5,-4.3,0,4,0.11,0,0
5/13/2012,83,62,72.5,-0.6,0,8,0,0,0
5/14/2012,83,62,72.5,-0.9,0,8,0,0,0
5/15/2012,85,64,74.5,0.9,0,10,0,0,0
5/16/2012,89,60,74.5,0.6,0,10,0,0,0
5/17/2012,89,63,76,1.8,0,11,0,0,0
5/18/2012,89,66,77.5,3,0,13,0,0,0
5/19/2012,89,69,79,4.2,0,14,0,0,0
5/20/2012,89,69,79,4,0,14,0,0,0
5/21/2012,90,67,78.5,3.2,0,14,0,0,0
5/22/2012,92,68,80,4.4,0,15,0,0,0
5/23/2012,92,73,82.5,6.6,0,18,0,0,0
5/24/2012,95,75,85,8.9,0,20,0,0,0
5/25/2012,95,74,84.5,8.1,0,20,0,0,0
5/26/2012,93,75,84,7.3,0,19,0,0,0
5/27/2012,93,72,82.5,5.5,0,18,0,0,0
5/28/2012,95,70,82.5,5.3,0,18,0.37,0,0
5/29/2012,96,67,81.5,4,0,17,T,0,0
5/30/2012,93,67,80,2.3,0,15,0.27,0,0
5/31/2012,84,67,75.5,-2.5,0,11,0.22,0,0
6/1/2012,86,61,73.5,-4.8,0,9,0,0,0
6/2/2012,96,72,84,5.5,0,19,0,0,0
6/3/2012,96,76,86,7.2,0,21,0,0,0
6/4/2012,94,75,84.5,5.5,0,20,0,0,0
6/5/2012,97,75,86,6.8,0,21,0,0,0
6/6/2012,95,69,82,2.5,0,17,1.59,0,0
6/7/2012,76,69,72.5,-7.2,0,8,0.2,0,0
6/8/2012,87,70,78.5,-1.4,0,14,0,0,0
6/9/2012,91,69,80,-0.2,0,15,0,0,0
6/10/2012,93,75,84,3.6,0,19,0,0,0
6/11/2012,98,78,88,7.4,0,23,T,0,0
6/12/2012,91,70,80.5,-0.3,0,16,T,0,0
6/13/2012,91,70,80.5,-0.5,0,16,0.7,T,0
6/14/2012,94,77,85.5,4.3,0,21,0,0,0
6/15/2012,92,69,80.5,-0.9,0,16,0.33,0,0
6/16/2012,93,74,83.5,1.9,0,19,0,0,0
6/17/2012,91,73,82,0.2,0,17,T,0,0
6/18/2012,92,76,84,2,0,19,0,0,0
6/19/2012,93,75,84,1.8,0,19,0,0,0
6/20/2012,93,76,84.5,2.2,0,20,0,0,0
6/21/2012,94,74,84,1.5,0,19,0,0,0
6/22/2012,97,74,85.5,2.8,0,21,0,0,0
6/23/2012,97,77,87,4.2,0,22,0,0,0
6/24/2012,100,75,87.5,4.5,0,23,0,0,0
6/25/2012,104,77,90.5,7.3,0,26,0,0,0
6/26/2012,106,77,91.5,8.2,0,27,0,0,0
6/27/2012,102,83,92.5,9.1,0,28,0,0,0
6/28/2012,100,80,90,6.4,0,25,0,0,0
6/29/2012,97,79,88,4.3,0,23,0,0,0
6/30/2012,96,77,86.5,2.7,0,22,0,0,0
7/1/2012,95,75,85,1,0,20,0.05,0,0
7/2/2012,93,78,85.5,1.4,0,21,0,0,0
7/3/2012,97,77,87,2.8,0,22,0,0,0
7/4/2012,98,77,87.5,3.2,0,23,0,0,0
7/5/2012,98,77,87.5,3.1,0,23,0,0,0
7/6/2012,99,77,88,3.5,0,23,0,0,0
7/7/2012,101,74,87.5,2.9,0,23,0,0,0
7/8/2012,97,74,85.5,0.8,0,21,0,0,0
7/9/2012,97,77,87,2.2,0,22,T,0,0
7/10/2012,93,75,84,-0.9,0,19,0.02,0,0
7/11/2012,96,73,84.5,-0.5,0,20,0,0,0
7/12/2012,95,75,85,-0.1,0,20,0,0,0
7/13/2012,96,74,85,-0.2,0,20,0,0,0
7/14/2012,96,75,85.5,0.2,0,21,0,0,0
7/15/2012,91,73,82,-3.4,0,17,T,0,0
7/16/2012,96,71,83.5,-1.9,0,19,0,0,0
7/17/2012,98,77,87.5,2,0,23,0,0,0
7/18/2012,99,76,87.5,1.9,0,23,0,0,0
7/19/2012,101,79,90,4.3,0,25,0,0,0
7/20/2012,105,77,91,5.3,0,26,0.71,0,0
7/21/2012,107,76,91.5,5.7,0,27,T,0,0
7/22/2012,101,81,91,5.1,0,26,0,0,0
7/23/2012,98,79,88.5,2.6,0,24,0,0,0
7/24/2012,97,78,87.5,1.5,0,23,0,0,0
7/25/2012,101,79,90,3.9,0,25,0,0,0
7/26/2012,101,79,90,3.9,0,25,0,0,0
7/27/2012,98,80,89,2.8,0,24,0,0,0
7/28/2012,103,78,90.5,4.3,0,26,0,0,0
7/29/2012,105,77,91,4.7,0,26,0,0,0
7/30/2012,103,82,92.5,6.2,0,28,0,0,0
7/31/2012,106,79,92.5,6.1,0,28,0,0,0
8/1/2012,106,81,93.5,7.1,0,29,0,0,0
8/2/2012,107,82,94.5,8.1,0,30,0,0,0
8/3/2012,104,80,92,5.6,0,27,0,0,0
8/4/2012,102,80,91,4.5,0,26,0,0,0
8/5/2012,103,80,91.5,5,0,27,0,0,0
8/6/2012,104,81,92.5,6,0,28,0,0,0
8/7/2012,104,80,92,5.5,0,27,0,0,0
8/8/2012,96,79,87.5,1,0,23,T,0,0
8/9/2012,108,76,92,5.6,0,27,0,0,0
8/10/2012,98,81,89.5,3.1,0,25,0,0,0
8/11/2012,99,72,85.5,-0.9,0,21,0,0,0
8/12/2012,105,76,90.5,4.2,0,26,T,0,0
8/13/2012,104,81,92.5,6.2,0,28,0,0,0
8/14/2012,106,74,90,3.8,0,25,0.57,0,0
8/15/2012,95,70,82.5,-3.6,0,18,1.4,0,0
8/16/2012,91,79,85,-1,0,20,T,0,0
8/17/2012,98,75,86.5,0.6,0,22,T,0,0
8/18/2012,87,69,78,-7.8,0,13,0.93,0,0
8/19/2012,93,68,80.5,-5.2,0,16,0,0,0
8/20/2012,93,69,81,-4.6,0,16,0,0,0
8/21/2012,78,67,72.5,-12.9,0,8,0.28,0,0
8/22/2012,90,65,77.5,-7.8,0,13,0,0,0
8/23/2012,92,71,81.5,-3.6,0,17,0,0,0
8/24/2012,93,73,83,-1.9,0,18,0,0,0
8/25/2012,94,78,86,1.3,0,21,0.01,0,0
8/26/2012,86,76,81,-3.5,0,16,T,0,0
8/27/2012,96,75,85.5,1.2,0,21,0,0,0
8/28/2012,95,76,85.5,1.5,0,21,T,0,0
8/29/2012,96,71,83.5,-0.3,0,19,0,0,0
8/30/2012,98,76,87,3.5,0,22,0,0,0
8/31/2012,101,79,90,6.7,0,25,0,0,0
9/1/2012,99,78,88.5,5.5,0,24,0,0,0
9/2/2012,100,78,89,6.3,0,24,0,0,0
9/3/2012,101,78,89.5,7.1,0,25,0,0,0
9/4/2012,103,78,90.5,8.4,0,26,0,0,0
9/5/2012,103,77,90,8.2,0,25,0,0,0
9/6/2012,104,77,90.5,9.1,0,26,0,0,0
9/7/2012,104,79,91.5,10.4,0,27,0,0,0
9/8/2012,87,67,77,-3.8,0,12,0.03,0,0
9/9/2012,91,57,74,-6.4,0,9,0,0,0
9/10/2012,93,62,77.5,-2.6,0,13,0,0,0
9/11/2012,92,69,80.5,0.8,0,16,0,0,0
9/12/2012,94,68,81,1.7,0,16,0,0,0
9/13/2012,87,72,79.5,0.5,0,15,T,0,0
9/14/2012,72,65,68.5,-10.1,0,4,0.01,0,0
9/15/2012,77,63,70,-8.2,0,5,0,0,0
9/16/2012,70,66,68,-9.8,0,3,0.18,0,0
9/17/2012,83,67,75,-2.4,0,10,T,0,0
9/18/2012,85,63,74,-3.1,0,9,0,0,0
9/19/2012,88,59,73.5,-3.2,0,9,0,0,0
9/20/2012,94,62,78,1.7,0,13,0,0,0
9/21/2012,96,64,80,4.1,0,15,0,0,0
9/22/2012,97,66,81.5,5.9,0,17,0,0,0
9/23/2012,95,66,80.5,5.3,0,16,0,0,0
9/24/2012,97,70,83.5,8.7,0,19,0,0,0
9/25/2012,95,73,84,9.6,0,19,0,0,0
9/26/2012,94,74,84,9.9,0,19,0,0,0
9/27/2012,91,74,82.5,8.8,0,18,0,0,0
9/28/2012,89,71,80,6.6,0,15,T,0,0
9/29/2012,73,66,69.5,-3.5,0,5,1.43,0,0
9/30/2012,75,61,68,-4.6,0,3,0.1,0,0
10/1/2012,84,60,72,-0.3,0,7,T,0,0
10/2/2012,80,64,72,0,0,7,T,0,0
10/3/2012,84,59,71.5,-0.1,0,7,0,0,0
10/4/2012,87,63,75,3.7,0,10,0,0,0
10/5/2012,84,57,70.5,-0.5,0,6,0,0,0
10/6/2012,57,48,52.5,-18.1,12,0,T,0,0
10/7/2012,53,47,50,-20.3,15,0,T,0,0
10/8/2012,66,39,52.5,-17.5,12,0,0,0,0
10/9/2012,82,50,66,-3.7,0,1,0,0,0
10/10/2012,71,61,66,-3.4,0,1,T,0,0
10/11/2012,87,64,75.5,6.4,0,11,T,0,0
10/12/2012,86,70,78,9.2,0,13,0,0,0
10/13/2012,84,70,77,8.5,0,12,0.12,0,0
10/14/2012,83,62,72.5,4.3,0,8,0.9,0,0
10/15/2012,82,54,68,0.1,0,3,0,0,0
10/16/2012,77,59,68,0.4,0,3,0,0,0
10/17/2012,88,60,74,6.7,0,9,0,0,0
10/18/2012,76,51,63.5,-3.5,1,0,0,0,0
10/19/2012,78,51,64.5,-2.2,0,0,0,0,0
10/20/2012,88,53,70.5,4.1,0,6,0,0,0
10/21/2012,89,75,82,16,0,17,0,0,0
10/22/2012,86,73,79.5,13.8,0,15,T,0,0
10/23/2012,85,71,78,12.6,0,13,0,0,0
10/24/2012,85,69,77,11.9,0,12,0,0,0
10/25/2012,81,54,67.5,2.7,0,3,T,0,0
10/26/2012,57,46,51.5,-12.9,13,0,T,0,0
10/27/2012,59,38,48.5,-15.6,16,0,0,0,0
10/28/2012,64,38,51,-12.8,14,0,0,0,0
10/29/2012,68,41,54.5,-8.9,10,0,0,0,0
10/30/2012,77,43,60,-3.1,5,0,0,0,0
10/31/2012,83,50,66.5,3.8,0,2,0,0,0
11/1/2012,88,52,70,7.6,0,5,0,0,0
11/2/2012,87,55,71,9,0,6,0,0,0
11/3/2012,84,59,71.5,9.9,0,7,0,0,0
11/4/2012,75,54,64.5,3.3,0,0,0,0,0
11/5/2012,77,52,64.5,3.6,0,0,0,0,0
11/6/2012,74,45,59.5,-1,5,0,0,0,0
11/7/2012,76,48,62,1.9,3,0,0,0,0
11/8/2012,82,51,66.5,6.8,0,2,0,0,0
11/9/2012,84,65,74.5,15.2,0,10,0,0,0
11/10/2012,81,65,73,14.1,0,8,0,0,0
11/11/2012,76,43,59.5,1.1,5,0,0.05,0,0
11/12/2012,56,37,46.5,-11.5,18,0,0,0,0
11/13/2012,59,35,47,-10.6,18,0,0,0,0
11/14/2012,63,42,52.5,-4.7,12,0,0,0,0
11/15/2012,65,39,52,-4.8,13,0,0,0,0
11/16/2012,65,38,51.5,-4.8,13,0,0,0,0
11/17/2012,65,38,51.5,-4.4,13,0,0,0,0
11/18/2012,69,42,55.5,0,9,0,0,0,0
11/19/2012,72,54,63,7.9,2,0,0,0,0
11/20/2012,80,50,65,10.3,0,0,0,0,0
11/21/2012,80,49,64.5,10.3,0,0,0,0,0
11/22/2012,78,53,65.5,11.7,0,1,T,0,0
11/23/2012,66,45,55.5,2.1,9,0,0,0,0
11/24/2012,60,37,48.5,-4.5,16,0,0,0,0
11/25/2012,76,44,60,7.4,5,0,0,0,0
11/26/2012,74,48,61,8.8,4,0,0,0,0
11/27/2012,54,38,46,-5.9,19,0,0,0,0
11/28/2012,66,35,50.5,-1,14,0,0,0,0
11/29/2012,69,37,53,1.9,12,0,0,0,0
11/30/2012,76,55,65.5,14.7,0,1,0,0,0
12/1/2012,83,64,73.5,23.1,0,9,0,0,0
12/2/2012,83,66,74.5,24.4,0,10,0,0,0
12/3/2012,80,65,72.5,22.7,0,8,0,0,0
12/4/2012,73,48,60.5,11.1,4,0,0,0,0
12/5/2012,66,42,54,4.9,11,0,0,0,0
12/6/2012,70,47,58.5,9.7,6,0,0,0,0
12/7/2012,72,50,61,12.4,4,0,0,0,0
12/8/2012,70,50,60,11.7,5,0,0,0,0
12/9/2012,67,40,53.5,5.4,11,0,0,0,0
12/10/2012,44,30,37,-10.8,28,0,T,0.1,0
12/11/2012,50,25,37.5,-10.1,27,0,0,0,0
12/12/2012,58,28,43,-4.4,22,0,0,0,0
12/13/2012,66,32,49,1.8,16,0,0,0,0
12/14/2012,61,52,56.5,9.5,8,0,0.39,0,0
12/15/2012,74,50,62,15.2,3,0,0,0,0
12/16/2012,74,53,63.5,16.9,1,0,0,0,0
12/17/2012,62,42,52,5.5,13,0,0,0,0
12/18/2012,79,38,58.5,12.2,6,0,0,0,0
12/19/2012,78,54,66,19.8,0,1,0,0,0
12/20/2012,54,40,47,0.9,18,0,0,0,0
12/21/2012,65,25,45,-1,20,0,0,0,0
12/22/2012,68,32,50,4.1,15,0,0,0,0
12/23/2012,65,45,55,9.2,10,0,0,0,0
12/24/2012,50,33,41.5,-4.2,23,0,0,0,0
12/25/2012,48,28,38,-7.7,27,0,1.33,0.4,0
12/26/2012,32,22,27,-18.6,38,0,0,0,T
12/27/2012,45,23,34,-11.5,31,0,0.01,0,T
12/28/2012,42,30,36,-9.5,29,0,0.03,0,0
12/29/2012,47,27,37,-8.5,28,0,0,0,0
12/30/2012,49,27,38,-7.4,27,0,T,0,0
12/31/2012,49,39,44,-1.4,21,0,0.19,0,0
1/1/2013,46,36,41,-4.4,24,0,0.01,0,0
1/2/2013,42,31,36.5,-8.9,28,0,0,0,0
1/3/2013,49,28,38.5,-6.9,26,0,0,0,0
1/4/2013,50,39,44.5,-0.9,20,0,T,0,0
1/5/2013,54,35,44.5,-0.9,20,0,T,0,0
1/6/2013,57,33,45,-0.4,20,0,0,0,0
1/7/2013,55,28,41.5,-3.9,23,0,0,0,0
1/8/2013,50,44,47,1.5,18,0,1.95,0,0
1/9/2013,57,48,52.5,7,12,0,1.52,0,0
1/10/2013,58,48,53,7.5,12,0,0.04,0,0
1/11/2013,71,46,58.5,12.9,6,0,0,0,0
1/12/2013,66,36,51,5.4,14,0,0.1,0,0
1/13/2013,43,30,36.5,-9.1,28,0,0,0,0
1/14/2013,46,29,37.5,-8.2,27,0,0,0,0
1/15/2013,39,30,34.5,-11.2,30,0,0.05,0.3,T
1/16/2013,49,26,37.5,-8.3,27,0,0,0,0
1/17/2013,61,34,47.5,1.7,17,0,0,0,0
1/18/2013,62,31,46.5,0.6,18,0,0,0,0
1/19/2013,67,40,53.5,7.5,11,0,0,0,0
1/20/2013,69,38,53.5,7.5,11,0,0,0,0
1/21/2013,56,39,47.5,1.4,17,0,0,0,0
1/22/2013,66,36,51,4.8,14,0,0,0,0
1/23/2013,75,47,61,14.7,4,0,0,0,0
1/24/2013,79,50,64.5,18.1,0,0,0,0,0
1/25/2013,53,44,48.5,2,16,0,0,0,0
1/26/2013,54,45,49.5,2.9,15,0,T,0,0
1/27/2013,76,49,62.5,15.8,2,0,0,0,0
1/28/2013,78,67,72.5,25.7,0,8,T,0,0
1/29/2013,80,54,67,20.1,0,2,0.39,0,0
1/30/2013,55,39,47,0,18,0,0,0,0
1/31/2013,69,31,50,2.9,15,0,0,0,0
2/1/2013,59,29,44,-3.3,21,0,0,0,0
2/2/2013,67,44,55.5,8.1,9,0,0,0,0
2/3/2013,70,37,53.5,5.9,11,0,0,0,0
2/4/2013,73,54,63.5,15.8,1,0,0.02,0,0
2/5/2013,67,57,62,14.1,3,0,T,0,0
2/6/2013,76,53,64.5,16.5,0,0,T,0,0
2/7/2013,80,53,66.5,18.3,0,2,T,0,0
2/8/2013,65,41,53,4.6,12,0,0,0,0
2/9/2013,59,47,53,4.4,12,0,0.01,0,0
2/10/2013,69,46,57.5,8.7,7,0,0.98,0,0
2/11/2013,56,45,50.5,1.5,14,0,0,0,0
2/12/2013,49,41,45,-4.2,20,0,0.38,0,0
2/13/2013,59,39,49,-0.4,16,0,0,0,0
2/14/2013,69,36,52.5,2.9,12,0,0,0,0
2/15/2013,52,37,44.5,-5.3,20,0,0,0,0
2/16/2013,56,30,43,-7.1,22,0,0,0,0
2/17/2013,72,37,54.5,4.2,10,0,0,0,0
2/18/2013,78,47,62.5,12,2,0,0,0,0
2/19/2013,61,37,49,-1.8,16,0,T,0,0
2/20/2013,53,42,47.5,-3.5,17,0,0.14,0,0
2/21/2013,68,43,55.5,4.2,9,0,0.13,0,0
2/22/2013,48,31,39.5,-12,25,0,0,0,0
2/23/2013,55,30,42.5,-9.3,22,0,0,0,0
2/24/2013,70,36,53,0.9,12,0,0,0,0
2/25/2013,62,41,51.5,-0.8,13,0,0.02,0,0
2/26/2013,59,40,49.5,-3.1,15,0,T,0,0
2/27/2013,57,37,47,-5.9,18,0,0,0,0
2/28/2013,59,35,47,-6.2,18,0,0,0,0
3/1/2013,56,33,44.5,-9,20,0,0,0,0
3/2/2013,56,31,43.5,-10.2,21,0,0,0,0
3/3/2013,72,36,54,0,11,0,0,0,0
3/4/2013,88,55,71.5,17.2,0,7,0,0,0
3/5/2013,58,38,48,-6.6,17,0,0,0,0
3/6/2013,61,33,47,-7.9,18,0,0,0,0
3/7/2013,72,38,55,-0.1,10,0,0,0,0
3/8/2013,63,54,58.5,3.1,6,0,0.01,0,0
3/9/2013,70,60,65,9.3,0,0,1.18,0,0
3/10/2013,60,41,50.5,-5.5,14,0,0.02,0,0
3/11/2013,61,35,48,-8.3,17,0,0,0,0
3/12/2013,67,38,52.5,-4.1,12,0,0,0,0
3/13/2013,69,41,55,-1.8,10,0,0,0,0
3/14/2013,78,47,62.5,5.4,2,0,0,0,0
3/15/2013,82,53,67.5,10.1,0,3,0,0,0
3/16/2013,82,57,69.5,11.8,0,5,0,0,0
3/17/2013,72,54,63,5.1,2,0,T,0,0
3/18/2013,70,52,61,2.8,4,0,0,0,0
3/19/2013,68,45,56.5,-2,8,0,0,0,0
3/20/2013,68,45,56.5,-2.2,8,0,0,0,0
3/21/2013,70,51,60.5,1.5,4,0,0,0,0
3/22/2013,67,47,57,-2.3,8,0,T,0,0
3/23/2013,54,47,50.5,-9,14,0,0.09,0,0
3/24/2013,54,37,45.5,-14.3,19,0,T,0,0
3/25/2013,55,32,43.5,-16.5,21,0,0,0,0
3/26/2013,59,31,45,-15.3,20,0,0,0,0
3/27/2013,71,40,55.5,-5.1,9,0,0,0,0
3/28/2013,71,51,61,0.2,4,0,0,0,0
3/29/2013,77,60,68.5,7.4,0,4,T,0,0
3/30/2013,77,53,65,3.7,0,0,0.96,0,0
3/31/2013,74,59,66.5,4.9,0,2,0.01,0,0
4/1/2013,79,52,65.5,3.7,0,1,0,0,0
4/2/2013,69,53,61,-1.1,4,0,T,0,0
4/3/2013,55,43,49,-13.3,16,0,0.97,0,0
4/4/2013,52,42,47,-15.6,18,0,T,0,0
4/5/2013,68,39,53.5,-9.3,11,0,0,0,0
4/6/2013,75,56,65.5,2.4,0,1,0,0,0
4/7/2013,73,61,67,3.7,0,2,0,0,0
4/8/2013,75,65,70,6.4,0,5,0,0,0
4/9/2013,80,69,74.5,10.7,0,10,0,0,0
4/10/2013,73,39,56,-8.1,9,0,0.14,0,0
4/11/2013,62,39,50.5,-13.9,14,0,0,0,0
4/12/2013,76,42,59,-5.6,6,0,0,0,0
4/13/2013,77,53,65,0.1,0,0,0,0,0
4/14/2013,81,55,68,2.9,0,3,0,0,0
4/15/2013,86,69,77.5,12.1,0,13,0,0,0
4/16/2013,87,71,79,13.4,0,14,0,0,0
4/17/2013,84,72,78,12.1,0,13,T,0,0
4/18/2013,76,43,59.5,-6.7,5,0,0.84,0,0
4/19/2013,63,40,51.5,-14.9,13,0,0,0,0
4/20/2013,71,42,56.5,-10.2,8,0,0,0,0
4/21/2013,71,48,59.5,-7.5,5,0,0,0,0
4/22/2013,78,53,65.5,-1.7,0,1,0,0,0
4/23/2013,69,41,55,-12.5,10,0,0.03,0,0
4/24/2013,61,37,49,-18.8,16,0,T,0,0
4/25/2013,74,50,62,-6,3,0,0,0,0
4/26/2013,78,60,69,0.7,0,4,T,0,0
4/27/2013,74,57,65.5,-3.1,0,1,T,0,0
4/28/2013,81,52,66.5,-2.4,0,2,0,0,0
4/29/2013,85,60,72.5,3.4,0,8,0,0,0
4/30/2013,82,59,70.5,1.1,0,6,0,0,0
5/1/2013,81,65,73,3.3,0,8,0,0,0
5/2/2013,68,44,56,-14,9,0,0.02,0,0
5/3/2013,67,39,53,-17.3,12,0,0,0,0
5/4/2013,74,39,56.5,-14,8,0,0,0,0
5/5/2013,70,46,58,-12.8,7,0,0,0,0
5/6/2013,77,48,62.5,-8.6,2,0,0,0,0
5/7/2013,84,57,70.5,-0.9,0,6,0,0,0
5/8/2013,85,61,73,1.3,0,8,T,0,0
5/9/2013,75,66,70.5,-1.4,0,6,0.22,0,0
5/10/2013,82,65,73.5,1.3,0,9,0,0,0
5/11/2013,81,60,70.5,-2,0,6,0,0,0
5/12/2013,78,53,65.5,-7.3,0,1,0,0,0
5/13/2013,88,54,71,-2.1,0,6,0,0,0
5/14/2013,87,60,73.5,0.1,0,9,0,0,0
5/15/2013,78,63,70.5,-3.1,0,6,1.56,0,0
5/16/2013,82,62,72,-1.9,0,7,0,0,0
5/17/2013,90,72,81,6.8,0,16,T,0,0
5/18/2013,92,73,82.5,8,0,18,0,0,0
5/19/2013,89,71,80,5.2,0,15,0,0,0
5/20/2013,90,74,82,7,0,17,0,0,0
5/21/2013,81,59,70,-5.3,0,5,0.68,0,0
5/22/2013,85,53,69,-6.6,0,4,0,0,0
5/23/2013,86,69,77.5,1.6,0,13,0,0,0
5/24/2013,84,68,76,-0.1,0,11,0.21,0,0
5/25/2013,82,67,74.5,-1.9,0,10,0.24,0,0
5/26/2013,86,72,79,2.3,0,14,0.01,0,0
5/27/2013,85,72,78.5,1.5,0,14,0,0,0
5/28/2013,85,72,78.5,1.3,0,14,0,0,0
5/29/2013,85,71,78,0.5,0,13,0.23,0,0
5/30/2013,89,74,81.5,3.8,0,17,T,0,0
5/31/2013,90,77,83.5,5.5,0,19,T,0,0
6/1/2013,87,74,80.5,2.2,0,16,T,0,0
6/2/2013,83,65,74,-4.5,0,9,0,0,0
6/3/2013,90,62,76,-2.8,0,11,0,0,0
6/4/2013,92,71,81.5,2.5,0,17,0,0,0
6/5/2013,90,73,81.5,2.3,0,17,0,0,0
6/6/2013,80,69,74.5,-5,0,10,0.22,0,0
6/7/2013,84,63,73.5,-6.2,0,9,0,0,0
6/8/2013,88,65,76.5,-3.4,0,12,0,0,0
6/9/2013,88,67,77.5,-2.7,0,13,1.12,0,0
6/10/2013,97,70,83.5,3.1,0,19,0,0,0
6/11/2013,92,75,83.5,2.9,0,19,0,0,0
6/12/2013,94,75,84.5,3.7,0,20,0,0,0
6/13/2013,98,75,86.5,5.5,0,22,0,0,0
6/14/2013,96,75,85.5,4.3,0,21,0,0,0
6/15/2013,90,73,81.5,0.1,0,17,T,0,0
6/16/2013,96,74,85,3.4,0,20,0,0,0
6/17/2013,92,69,80.5,-1.3,0,16,0.73,0,0
6/18/2013,87,69,78,-4,0,13,0.07,0,0
6/19/2013,92,70,81,-1.2,0,16,0,0,0
6/20/2013,95,76,85.5,3.2,0,21,0,0,0
6/21/2013,95,77,86,3.5,0,21,0,0,0
6/22/2013,95,75,85,2.3,0,20,0,0,0
6/23/2013,95,77,86,3.2,0,21,0,0,0
6/24/2013,95,76,85.5,2.5,0,21,0,0,0
6/25/2013,96,78,87,3.8,0,22,0,0,0
6/26/2013,98,77,87.5,4.2,0,23,0,0,0
6/27/2013,100,79,89.5,6.1,0,25,0,0,0
6/28/2013,103,78,90.5,6.9,0,26,0,0,0
6/29/2013,98,77,87.5,3.8,0,23,0,0,0
6/30/2013,92,74,83,-0.8,0,18,0,0,0
7/1/2013,88,68,78,-6,0,13,0,0,0
7/2/2013,89,66,77.5,-6.6,0,13,0,0,0
7/3/2013,91,65,78,-6.2,0,13,0,0,0
7/4/2013,95,69,82,-2.3,0,17,0,0,0
7/5/2013,97,73,85,0.6,0,20,0,0,0
7/6/2013,97,73,85,0.5,0,20,0,0,0
7/7/2013,97,74,85.5,0.9,0,21,0,0,0
7/8/2013,97,78,87.5,2.8,0,23,0,0,0
7/9/2013,100,77,88.5,3.7,0,24,0,0,0
7/10/2013,102,82,92,7.1,0,27,0,0,0
7/11/2013,102,80,91,6,0,26,T,0,0
7/12/2013,101,75,88,2.9,0,23,0,0,0
7/13/2013,101,80,90.5,5.3,0,26,0,0,0
7/14/2013,81,70,75.5,-9.8,0,11,0.35,0,0
7/15/2013,74,67,70.5,-14.9,0,6,0.54,0,0
7/16/2013,89,71,80,-5.4,0,15,0.74,0,0
7/17/2013,92,71,81.5,-4,0,17,0.08,0,0
7/18/2013,93,73,83,-2.6,0,18,0,0,0
7/19/2013,95,74,84.5,-1.2,0,20,0.25,0,0
7/20/2013,95,73,84,-1.7,0,19,T,0,0
7/21/2013,96,74,85,-0.8,0,20,0,0,0
7/22/2013,98,77,87.5,1.6,0,23,0,0,0
7/23/2013,99,80,89.5,3.6,0,25,0,0,0
7/24/2013,98,76,87,1,0,22,T,0,0
7/25/2013,95,75,85,-1.1,0,20,0,0,0
7/26/2013,95,77,86,-0.1,0,21,0.09,0,0
7/27/2013,91,73,82,-4.2,0,17,0,0,0
7/28/2013,93,69,81,-5.2,0,16,0,0,0
7/29/2013,97,78,87.5,1.2,0,23,0,0,0
7/30/2013,99,79,89,2.7,0,24,0,0,0
7/31/2013,102,79,90.5,4.1,0,26,0,0,0
8/1/2013,102,80,91,4.6,0,26,0,0,0
8/2/2013,102,81,91.5,5.1,0,27,0,0,0
8/3/2013,101,80,90.5,4.1,0,26,0,0,0
8/4/2013,100,80,90,3.5,0,25,0,0,0
8/5/2013,102,82,92,5.5,0,27,0,0,0
8/6/2013,104,80,92,5.5,0,27,0,0,0
8/7/2013,105,81,93,6.5,0,28,0,0,0
8/8/2013,101,81,91,4.5,0,26,0,0,0
8/9/2013,102,77,89.5,3.1,0,25,0.15,0,0
8/10/2013,98,77,87.5,1.1,0,23,0,0,0
8/11/2013,101,76,88.5,2.1,0,24,T,0,0
8/12/2013,100,78,89,2.7,0,24,0,0,0
8/13/2013,99,74,86.5,0.2,0,22,0.74,0,0
8/14/2013,91,75,83,-3.2,0,18,0.18,0,0
8/15/2013,89,73,81,-5.1,0,16,0,0,0
8/16/2013,90,68,79,-7,0,14,0.11,0,0
8/17/2013,90,64,77,-8.9,0,12,0,0,0
8/18/2013,90,68,79,-6.8,0,14,0,0,0
8/19/2013,94,73,83.5,-2.2,0,19,0,0,0
8/20/2013,96,71,83.5,-2.1,0,19,0,0,0
8/21/2013,95,73,84,-1.4,0,19,0,0,0
8/22/2013,98,77,87.5,2.2,0,23,0,0,0
8/23/2013,100,78,89,3.9,0,24,0.14,0,0
8/24/2013,100,77,88.5,3.6,0,24,0,0,0
8/25/2013,98,77,87.5,2.8,0,23,0,0,0
8/26/2013,98,75,86.5,2,0,22,0,0,0
8/27/2013,94,74,84,-0.3,0,19,0,0,0
8/28/2013,98,72,85,1,0,20,0,0,0
8/29/2013,102,76,89,5.2,0,24,0,0,0
8/30/2013,103,77,90,6.5,0,25,0,0,0
8/31/2013,105,78,91.5,8.2,0,27,0,0,0
9/1/2013,104,80,92,9,0,27,0.01,0,0
9/2/2013,90,75,82.5,-0.2,0,18,0.25,0,0
9/3/2013,98,78,88,5.6,0,23,0,0,0
9/4/2013,101,76,88.5,6.4,0,24,0,0,0
9/5/2013,100,77,88.5,6.7,0,24,0,0,0
9/6/2013,100,77,88.5,7.1,0,24,0,0,0
9/7/2013,99,77,88,6.9,0,23,0,0,0
9/8/2013,97,72,84.5,3.7,0,20,0,0,0
9/9/2013,96,73,84.5,4.1,0,20,0,0,0
9/10/2013,94,76,85,4.9,0,20,0,0,0
9/11/2013,96,73,84.5,4.8,0,20,0,0,0
9/12/2013,98,74,86,6.7,0,21,0,0,0
9/13/2013,97,78,87.5,8.5,0,23,0,0,0
9/14/2013,94,77,85.5,6.9,0,21,0,0,0
9/15/2013,96,75,85.5,7.3,0,21,0,0,0
9/16/2013,97,76,86.5,8.7,0,22,0,0,0
9/17/2013,93,79,86,8.6,0,21,0,0,0
9/18/2013,97,78,87.5,10.4,0,23,0,0,0
9/19/2013,89,72,80.5,3.8,0,16,1.15,0,0
9/20/2013,76,68,72,-4.3,0,7,0.88,0,0
9/21/2013,84,61,72.5,-3.4,0,8,0,0,0
9/22/2013,83,60,71.5,-4.1,0,7,0,0,0
9/23/2013,86,59,72.5,-2.7,0,8,0,0,0
9/24/2013,94,67,80.5,5.7,0,16,0,0,0
9/25/2013,94,61,77.5,3.1,0,13,0,0,0
9/26/2013,95,67,81,6.9,0,16,0,0,0
9/27/2013,90,71,80.5,6.8,0,16,0,0,0
9/28/2013,87,68,77.5,4.1,0,13,0.43,0,0
9/29/2013,82,63,72.5,-0.5,0,8,0,0,0
9/30/2013,87,60,73.5,0.9,0,9,0,0,0
10/1/2013,90,65,77.5,5.2,0,13,0,0,0
10/2/2013,90,74,82,10,0,17,0,0,0
10/3/2013,92,75,83.5,11.9,0,19,0,0,0
10/4/2013,90,74,82,10.7,0,17,0,0,0
10/5/2013,81,52,66.5,-4.5,0,2,0.25,0,0
10/6/2013,77,50,63.5,-7.1,1,0,0,0,0
10/7/2013,82,52,67,-3.3,0,2,0,0,0
10/8/2013,82,55,68.5,-1.5,0,4,0,0,0
10/9/2013,84,56,70,0.3,0,5,0,0,0
10/10/2013,85,59,72,2.6,0,7,0,0,0
10/11/2013,88,70,79,9.9,0,14,0,0,0
10/12/2013,93,69,81,12.2,0,16,T,0,0
10/13/2013,77,68,72.5,4,0,8,0.01,0,0
10/14/2013,75,70,72.5,4.3,0,8,0.62,0,0
10/15/2013,78,54,66,-1.9,0,1,0.61,0,0
10/16/2013,66,54,60,-7.6,5,0,0.21,0,0
10/17/2013,72,47,59.5,-7.8,5,0,0,0,0
10/18/2013,70,52,61,-6,4,0,0.07,0,0
10/19/2013,66,43,54.5,-12.2,10,0,T,0,0
10/20/2013,73,44,58.5,-7.9,6,0,0,0,0
10/21/2013,74,51,62.5,-3.5,2,0,0,0,0
10/22/2013,77,45,61,-4.7,4,0,0,0,0
10/23/2013,83,48,65.5,0.1,0,1,0,0,0
10/24/2013,80,53,66.5,1.4,0,2,0,0,0
10/25/2013,70,50,60,-4.8,5,0,0,0,0
10/26/2013,78,54,66,1.6,0,1,1.25,0,0
10/27/2013,67,58,62.5,-1.6,2,0,T,0,0
10/28/2013,77,55,66,2.2,0,1,0,0,0
10/29/2013,77,70,73.5,10.1,0,9,0,0,0
10/30/2013,73,66,69.5,6.4,0,5,0.1,0,0
10/31/2013,75,54,64.5,1.8,0,0,0.01,0,0
11/1/2013,76,48,62,-0.4,3,0,0,0,0
11/2/2013,68,50,59,-3,6,0,0,0,0
11/3/2013,67,45,56,-5.6,9,0,T,0,0
11/4/2013,61,56,58.5,-2.7,6,0,0.57,0,0
11/5/2013,71,61,66,5.1,0,1,0.24,0,0
11/6/2013,72,44,58,-2.5,7,0,0.4,0,0
11/7/2013,65,39,52,-8.1,13,0,0,0,0
11/8/2013,66,42,54,-5.7,11,0,T,0,0
11/9/2013,70,56,63,3.7,2,0,T,0,0
11/10/2013,65,51,58,-0.9,7,0,0,0,0
11/11/2013,76,50,63,4.6,2,0,0,0,0
11/12/2013,64,36,50,-8,15,0,0,0,0
11/13/2013,52,29,40.5,-17.1,24,0,0,0,0
11/14/2013,61,33,47,-10.2,18,0,0,0,0
11/15/2013,72,51,61.5,4.7,3,0,0,0,0
11/16/2013,80,63,71.5,15.2,0,7,0,0,0
11/17/2013,87,62,74.5,18.6,0,10,0,0,0
11/18/2013,72,55,63.5,8,1,0,0,0,0
11/19/2013,69,55,62,6.9,3,0,0,0,0
11/20/2013,66,48,57,2.3,8,0,T,0,0
11/21/2013,75,42,58.5,4.3,6,0,0.14,0,0
11/22/2013,42,35,38.5,-15.3,26,0,0.23,T,0
11/23/2013,43,36,39.5,-13.9,25,0,T,0,0
11/24/2013,37,33,35,-18,30,0,0.02,T,0
11/25/2013,39,32,35.5,-17.1,29,0,0.52,T,0
11/26/2013,53,36,44.5,-7.7,20,0,T,0,0
11/27/2013,47,29,38,-13.9,27,0,0,0,0
11/28/2013,52,29,40.5,-11,24,0,0,0,0
11/29/2013,59,31,45,-6.1,20,0,0,0,0
11/30/2013,68,38,53,2.2,12,0,0,0,0
12/1/2013,70,50,60,9.6,5,0,0,0,0
12/2/2013,70,40,55,4.9,10,0,0,0,0
12/3/2013,76,43,59.5,9.7,5,0,0,0,0
12/4/2013,79,48,63.5,14.1,1,0,0,0,0
12/5/2013,48,29,38.5,-10.6,26,0,0.4,0.1,0
12/6/2013,32,24,28,-20.8,37,0,0.85,2,2
12/7/2013,26,21,23.5,-25.1,41,0,0,0,2
12/8/2013,33,26,29.5,-18.8,35,0,T,0,2
12/9/2013,33,29,31,-17.1,34,0,0,0,2
12/10/2013,38,19,28.5,-19.3,36,0,0,0,1
12/11/2013,44,25,34.5,-13.1,30,0,0,0,T
12/12/2013,48,26,37,-10.4,28,0,0,0,T
12/13/2013,47,40,43.5,-3.7,21,0,0.01,0,T
12/14/2013,47,32,39.5,-7.5,25,0,T,0,0
12/15/2013,61,26,43.5,-3.3,21,0,0,0,0
12/16/2013,66,32,49,2.4,16,0,0,0,0
12/17/2013,70,35,52.5,6,12,0,0,0,0
12/18/2013,70,38,54,7.7,11,0,0,0,0
12/19/2013,72,54,63,16.8,2,0,0,0,0
12/20/2013,68,35,51.5,5.4,13,0,0.02,0,0
12/21/2013,52,35,43.5,-2.5,21,0,1.48,0,0
12/22/2013,43,29,36,-9.9,29,0,T,0,0
12/23/2013,46,25,35.5,-10.3,29,0,0,0,0
12/24/2013,53,24,38.5,-7.2,26,0,0,0,0
12/25/2013,57,33,45,-0.7,20,0,0,0,0
12/26/2013,55,30,42.5,-3.1,22,0,0,0,0
12/27/2013,58,32,45,-0.5,20,0,0,0,0
12/28/2013,60,35,47.5,2,17,0,T,0,0
12/29/2013,50,32,41,-4.5,24,0,T,0,0
12/30/2013,44,29,36.5,-8.9,28,0,0,0,0
12/31/2013,54,24,39,-6.4,26,0,0,0,0
1/1/2014,69,31,50,4.6,15,0,0,0,0
1/2/2014,43,25,34,-11.4,31,0,0,0,0
1/3/2014,52,25,38.5,-6.9,26,0,0,0,0
1/4/2014,70,41,55.5,10.1,9,0,0,0,0
1/5/2014,50,21,35.5,-9.9,29,0,0,0,0
1/6/2014,33,15,24,-21.4,41,0,0,0,0
1/7/2014,48,19,33.5,-11.9,31,0,0,0,0
1/8/2014,48,39,43.5,-2,21,0,0.14,0,0
1/9/2014,48,41,44.5,-1,20,0,0.08,0,0
1/10/2014,70,47,58.5,13,6,0,0.11,0,0
1/11/2014,69,37,53,7.4,12,0,0,0,0
1/12/2014,74,42,58,12.4,7,0,0,0,0
1/13/2014,64,42,53,7.4,12,0,0,0,0
1/14/2014,66,32,49,3.3,16,0,0,0,0
1/15/2014,58,33,45.5,-0.2,19,0,0,0,0
1/16/2014,66,35,50.5,4.7,14,0,0,0,0
1/17/2014,55,38,46.5,0.7,18,0,0,0,0
1/18/2014,69,35,52,6.1,13,0,0,0,0
1/19/2014,65,39,52,6,13,0,0,0,0
1/20/2014,73,42,57.5,11.5,7,0,0,0,0
1/21/2014,52,36,44,-2.1,21,0,0,0,0
1/22/2014,60,30,45,-1.2,20,0,0,0,0
1/23/2014,45,24,34.5,-11.8,30,0,T,T,0
1/24/2014,43,18,30.5,-15.9,34,0,0,0,0
1/25/2014,68,26,47,0.5,18,0,0,0,0
1/26/2014,74,47,60.5,13.9,4,0,0,0,0
1/27/2014,52,25,38.5,-8.2,26,0,0,0,0
1/28/2014,36,22,29,-17.8,36,0,0,0,0
1/29/2014,47,16,31.5,-15.4,33,0,0,0,0
1/30/2014,60,32,46,-1,19,0,0,0,0
1/31/2014,74,52,63,15.9,2,0,0,0,0
2/1/2014,66,40,53,5.7,12,0,0,0,0
2/2/2014,40,30,35,-12.4,30,0,0.14,T,0
2/3/2014,43,30,36.5,-11.1,28,0,0,0,0
2/4/2014,48,38,43,-4.7,22,0,0.17,0,0
2/5/2014,38,22,30,-17.9,35,0,0,0,0
2/6/2014,25,17,21,-27,44,0,0.05,0.7,0
2/7/2014,32,23,27.5,-20.7,37,0,T,T,T
2/8/2014,55,32,43.5,-4.9,21,0,0,0,0
2/9/2014,47,36,41.5,-7.1,23,0,T,0,0
2/10/2014,36,30,33,-15.8,32,0,0.02,0,0
2/11/2014,36,28,32,-17,33,0,T,T,0
2/12/2014,51,30,40.5,-8.7,24,0,0,0,0
2/13/2014,67,30,48.5,-0.9,16,0,0,0,0
2/14/2014,72,42,57,7.4,8,0,0,0,0
2/15/2014,70,37,53.5,3.7,11,0,0,0,0
2/16/2014,76,45,60.5,10.4,4,0,T,0,0
2/17/2014,75,49,62,11.7,3,0,0,0,0
2/18/2014,82,43,62.5,12,2,0,0,0,0
2/19/2014,70,60,65,14.2,0,0,T,0,0
2/20/2014,74,44,59,8,6,0,0,0,0
2/21/2014,67,34,50.5,-0.8,14,0,0,0,0
2/22/2014,75,47,61,9.5,4,0,0,0,0
2/23/2014,71,48,59.5,7.7,5,0,0,0,0
2/24/2014,56,41,48.5,-3.6,16,0,0,0,0
2/25/2014,55,42,48.5,-3.8,16,0,0.03,0,0
2/26/2014,43,32,37.5,-15.1,27,0,0,0,0
2/27/2014,56,25,40.5,-12.4,24,0,0,0,0
2/28/2014,84,44,64,10.8,1,0,0,0,0
3/1/2014,81,46,63.5,10,1,0,0,0,0
3/2/2014,71,19,45,-8.7,20,0,0.09,0.1,0
3/3/2014,34,16,25,-29,40,0,T,T,T
3/4/2014,50,25,37.5,-16.8,27,0,0,0,0
3/5/2014,56,31,43.5,-11.1,21,0,T,0,0
3/6/2014,56,41,48.5,-6.4,16,0,0,0,0
3/7/2014,67,35,51,-4.1,14,0,0,0,0
3/8/2014,56,39,47.5,-7.9,17,0,0.01,0,0
3/9/2014,63,38,50.5,-5.2,14,0,0,0,0
3/10/2014,78,41,59.5,3.5,5,0,0,0,0
3/11/2014,86,55,70.5,14.2,0,6,0,0,0
3/12/2014,63,45,54,-2.6,11,0,0,0,0
3/13/2014,68,34,51,-5.8,14,0,0,0,0
3/14/2014,73,48,60.5,3.4,4,0,0,0,0
3/15/2014,68,54,61,3.6,4,0,1.29,0,0
3/16/2014,56,42,49,-8.7,16,0,T,0,0
3/17/2014,61,35,48,-9.9,17,0,0,0,0
3/18/2014,82,51,66.5,8.3,0,2,0,0,0
3/19/2014,66,45,55.5,-3,9,0,0,0,0
3/20/2014,72,40,56,-2.7,9,0,0,0,0
3/21/2014,82,53,67.5,8.5,0,3,0,0,0
3/22/2014,67,51,59,-0.3,6,0,T,0,0
3/23/2014,58,43,50.5,-9,14,0,0,0,0
3/24/2014,67,38,52.5,-7.3,12,0,0,0,0
3/25/2014,64,42,53,-7,12,0,0,0,0
3/26/2014,62,44,53,-7.3,12,0,0.04,0,0
3/27/2014,82,58,70,9.4,0,5,0.02,0,0
3/28/2014,80,54,67,6.2,0,2,T,0,0
3/29/2014,74,46,60,-1.1,5,0,0,0,0
3/30/2014,79,48,63.5,2.2,1,0,0,0,0
3/31/2014,81,57,69,7.4,0,4,0,0,0
4/1/2014,84,66,75,13.2,0,10,0,0,0
4/2/2014,83,71,77,14.9,0,12,0,0,0
4/3/2014,84,59,71.5,9.2,0,7,0.09,0,0
4/4/2014,67,45,56,-6.6,9,0,0,0,0
4/5/2014,57,49,53,-9.8,12,0,T,0,0
4/6/2014,53,47,50,-13.1,15,0,0.6,0,0
4/7/2014,69,47,58,-5.3,7,0,0.01,0,0
4/8/2014,72,50,61,-2.6,4,0,0,0,0
4/9/2014,81,44,62.5,-1.3,2,0,0,0,0
4/10/2014,86,59,72.5,8.4,0,8,0,0,0
4/11/2014,83,62,72.5,8.1,0,8,0,0,0
4/12/2014,85,66,75.5,10.9,0,11,0,0,0
4/13/2014,78,61,69.5,4.6,0,5,0.32,0,0
4/14/2014,61,43,52,-13.1,13,0,T,0,0
4/15/2014,64,35,49.5,-15.9,15,0,0,0,0
4/16/2014,69,44,56.5,-9.1,8,0,0,0,0
4/17/2014,63,49,56,-9.9,9,0,0.07,0,0
4/18/2014,76,55,65.5,-0.7,0,1,0,0,0
4/19/2014,79,55,67,0.6,0,2,0,0,0
4/20/2014,80,61,70.5,3.8,0,6,0.57,0,0
4/21/2014,83,63,73,6,0,8,T,0,0
4/22/2014,84,60,72,4.8,0,7,0,0,0
4/23/2014,87,60,73.5,6,0,9,0,0,0
4/24/2014,84,63,73.5,5.7,0,9,0,0,0
4/25/2014,84,58,71,3,0,6,0,0,0
4/26/2014,84,61,72.5,4.2,0,8,0,0,0
4/27/2014,91,73,82,13.4,0,17,0.08,0,0
4/28/2014,83,65,74,5.1,0,9,0,0,0
4/29/2014,76,57,66.5,-2.6,0,2,0,0,0
4/30/2014,68,49,58.5,-10.9,6,0,0,0,0
5/1/2014,75,42,58.5,-11.2,6,0,0,0,0
5/2/2014,82,50,66,-4,0,1,0,0,0
5/3/2014,90,52,71,0.7,0,6,0,0,0
5/4/2014,96,61,78.5,8,0,14,0,0,0
5/5/2014,92,62,77,6.2,0,12,0,0,0
5/6/2014,89,65,77,5.9,0,12,0,0,0
5/7/2014,88,70,79,7.6,0,14,T,0,0
5/8/2014,78,64,71,-0.7,0,6,0.51,0,0
5/9/2014,89,64,76.5,4.6,0,12,0,0,0
5/10/2014,89,65,77,4.8,0,12,0,0,0
5/11/2014,89,74,81.5,9,0,17,0,0,0
5/12/2014,84,59,71.5,-1.3,0,7,0.43,0,0
5/13/2014,71,55,63,-10.1,2,0,0.26,0,0
5/14/2014,74,53,63.5,-9.9,1,0,0.03,0,0
5/15/2014,84,51,67.5,-6.1,0,3,0,0,0
5/16/2014,87,56,71.5,-2.4,0,7,0,0,0
5/17/2014,84,59,71.5,-2.7,0,7,0,0,0
5/18/2014,85,64,74.5,0,0,10,0,0,0
5/19/2014,88,66,77,2.2,0,12,0,0,0
5/20/2014,88,69,78.5,3.5,0,14,0,0,0
5/21/2014,89,70,79.5,4.2,0,15,0,0,0
5/22/2014,89,69,79,3.4,0,14,0,0,0
5/23/2014,84,72,78,2.1,0,13,0,0,0
5/24/2014,88,72,80,3.9,0,15,0.02,0,0
5/25/2014,87,70,78.5,2.1,0,14,1.9,0,0
5/26/2014,82,70,76,-0.7,0,11,0.03,0,0
5/27/2014,79,66,72.5,-4.5,0,8,0.21,0,0
5/28/2014,84,65,74.5,-2.7,0,10,T,0,0
5/29/2014,89,68,78.5,1,0,14,0,0,0
5/30/2014,88,69,78.5,0.8,0,14,0,0,0
5/31/2014,89,71,80,2,0,15,0.01,0,0
6/1/2014,92,71,81.5,3.2,0,17,0,0,0
6/2/2014,92,75,83.5,5,0,19,0,0,0
6/3/2014,92,75,83.5,4.7,0,19,0,0,0
6/4/2014,94,76,85,6,0,20,0,0,0
6/5/2014,91,75,83,3.8,0,18,0,0,0
6/6/2014,94,75,84.5,5,0,20,0,0,0
6/7/2014,96,76,86,6.3,0,21,0,0,0
6/8/2014,89,70,79.5,-0.4,0,15,0.03,0,0
6/9/2014,81,65,73,-7.2,0,8,0.85,0,0
6/10/2014,86,67,76.5,-3.9,0,12,0,0,0
6/11/2014,95,65,80,-0.6,0,15,0,0,0
6/12/2014,85,72,78.5,-2.3,0,14,0.08,0,0
6/13/2014,90,73,81.5,0.5,0,17,0,0,0
6/14/2014,92,75,83.5,2.3,0,19,0,0,0
6/15/2014,94,76,85,3.6,0,20,0,0,0
6/16/2014,96,76,86,4.4,0,21,0,0,0
6/17/2014,95,78,86.5,4.7,0,22,0,0,0
6/18/2014,96,77,86.5,4.5,0,22,0.01,0,0
6/19/2014,95,76,85.5,3.3,0,21,0,0,0
6/20/2014,93,77,85,2.7,0,20,0,0,0
6/21/2014,88,78,83,0.5,0,18,T,0,0
6/22/2014,82,70,76,-6.7,0,11,0.59,0,0
6/23/2014,88,68,78,-4.8,0,13,0.62,0,0
6/24/2014,93,71,82,-1,0,17,0.01,0,0
6/25/2014,86,70,78,-5.2,0,13,1.07,0,0
6/26/2014,89,70,79.5,-3.8,0,15,0,0,0
6/27/2014,92,74,83,-0.4,0,18,0,0,0
6/28/2014,90,77,83.5,-0.1,0,19,T,0,0
6/29/2014,94,79,86.5,2.8,0,22,0,0,0
6/30/2014,95,77,86,2.2,0,21,0,0,0
7/1/2014,94,74,84,0,0,19,0,0,0
7/2/2014,93,77,85,0.9,0,20,0,0,0
7/3/2014,87,71,79,-5.2,0,14,0,0,0
7/4/2014,93,74,83.5,-0.8,0,19,0,0,0
7/5/2014,93,73,83,-1.4,0,18,0,0,0
7/6/2014,95,74,84.5,0,0,20,0,0,0
7/7/2014,99,76,87.5,2.9,0,23,0,0,0
7/8/2014,98,78,88,3.3,0,23,0,0,0
7/9/2014,97,76,86.5,1.7,0,22,T,0,0
7/10/2014,98,78,88,3.1,0,23,0,0,0
7/11/2014,96,74,85,0,0,20,0,0,0
7/12/2014,99,75,87,1.9,0,22,0,0,0
7/13/2014,100,77,88.5,3.3,0,24,0,0,0
7/14/2014,101,78,89.5,4.2,0,25,0.08,0,0
7/15/2014,94,73,83.5,-1.9,0,19,0,0,0
7/16/2014,92,69,80.5,-4.9,0,16,0.03,0,0
7/17/2014,79,68,73.5,-12,0,9,0.7,0,0
7/18/2014,77,65,71,-14.6,0,6,0,0,0
7/19/2014,78,68,73,-12.7,0,8,0,0,0
7/20/2014,93,65,79,-6.7,0,14,0,0,0
7/21/2014,98,74,86,0.2,0,21,0,0,0
7/22/2014,98,77,87.5,1.6,0,23,0,0,0
7/23/2014,97,76,86.5,0.6,0,22,T,0,0
7/24/2014,97,74,85.5,-0.5,0,21,0,0,0
7/25/2014,100,74,87,0.9,0,22,0,0,0
7/26/2014,102,78,90,3.9,0,25,0,0,0
7/27/2014,103,80,91.5,5.3,0,27,0,0,0
7/28/2014,96,78,87,0.8,0,22,0,0,0
7/29/2014,85,73,79,-7.3,0,14,T,0,0
7/30/2014,91,73,82,-4.3,0,17,0.17,0,0
7/31/2014,81,71,76,-10.4,0,11,T,0,0
8/1/2014,83,70,76.5,-9.9,0,12,T,0,0
8/2/2014,90,67,78.5,-7.9,0,14,0,0,0
8/3/2014,93,73,83,-3.4,0,18,0,0,0
8/4/2014,95,74,84.5,-2,0,20,0,0,0
8/5/2014,98,74,86,-0.5,0,21,1.08,0,0
8/6/2014,100,79,89.5,3,0,25,0,0,0
8/7/2014,102,80,91,4.5,0,26,0,0,0
8/8/2014,104,81,92.5,6,0,28,0,0,0
8/9/2014,102,79,90.5,4.1,0,26,0,0,0
8/10/2014,101,80,90.5,4.1,0,26,0.01,0,0
8/11/2014,95,79,87,0.6,0,22,0,0,0
8/12/2014,93,76,84.5,-1.8,0,20,0,0,0
8/13/2014,95,71,83,-3.3,0,18,0,0,0
8/14/2014,95,72,83.5,-2.7,0,19,0,0,0
8/15/2014,100,75,87.5,1.4,0,23,0,0,0
8/16/2014,101,81,91,5,0,26,0.02,0,0
8/17/2014,90,70,80,-5.9,0,15,2.83,0,0
8/18/2014,92,74,83,-2.8,0,18,T,0,0
8/19/2014,94,76,85,-0.7,0,20,0,0,0
8/20/2014,97,79,88,2.4,0,23,0,0,0
8/21/2014,99,79,89,3.6,0,24,0,0,0
8/22/2014,100,80,90,4.7,0,25,0,0,0
8/23/2014,99,78,88.5,3.4,0,24,0,0,0
8/24/2014,99,79,89,4.1,0,24,0,0,0
8/25/2014,100,78,89,4.3,0,24,0,0,0
8/26/2014,97,78,87.5,3,0,23,0,0,0
8/27/2014,95,77,86,1.7,0,21,0,0,0
8/28/2014,96,74,85,1,0,20,0,0,0
8/29/2014,94,71,82.5,-1.3,0,18,0.4,0,0
8/30/2014,94,76,85,1.5,0,20,0,0,0
8/31/2014,95,76,85.5,2.2,0,21,0,0,0
9/1/2014,97,78,87.5,4.5,0,23,0,0,0
9/2/2014,97,79,88,5.3,0,23,0,0,0
9/3/2014,97,78,87.5,5.1,0,23,0,0,0
9/4/2014,97,78,87.5,5.4,0,23,0,0,0
9/5/2014,96,76,86,4.2,0,21,0,0,0
9/6/2014,96,74,85,3.6,0,20,T,0,0
9/7/2014,89,72,80.5,-0.6,0,16,0,0,0
9/8/2014,95,73,84,3.2,0,19,0,0,0
9/9/2014,98,78,88,7.6,0,23,0,0,0
9/10/2014,101,79,90,9.9,0,25,0,0,0
9/11/2014,87,73,80,0.3,0,15,0.02,0,0
9/12/2014,73,59,66,-13.3,0,1,0.04,0,0
9/13/2014,71,56,63.5,-15.5,1,0,T,0,0
9/14/2014,79,63,71,-7.6,0,6,0,0,0
9/15/2014,86,71,78.5,0.3,0,14,T,0,0
9/16/2014,92,75,83.5,5.7,0,19,0,0,0
9/17/2014,95,73,84,6.6,0,19,T,0,0
9/18/2014,89,73,81,3.9,0,16,0,0,0
9/19/2014,89,68,78.5,1.8,0,14,T,0,0
9/20/2014,92,72,82,5.7,0,17,0,0,0
9/21/2014,95,71,83,7.1,0,18,0,0,0
9/22/2014,88,70,79,3.4,0,14,0,0,0
9/23/2014,84,63,73.5,-1.7,0,9,0,0,0
9/24/2014,88,60,74,-0.8,0,9,0,0,0
9/25/2014,87,63,75,0.6,0,10,0,0,0
9/26/2014,87,66,76.5,2.4,0,12,0,0,0
9/27/2014,88,68,78,4.3,0,13,0,0,0
9/28/2014,89,66,77.5,4.1,0,13,0,0,0
9/29/2014,90,67,78.5,5.5,0,14,0,0,0
9/30/2014,92,70,81,8.4,0,16,0,0,0
10/1/2014,93,74,83.5,11.2,0,19,0,0,0
10/2/2014,95,67,81,9,0,16,0.32,0,0
10/3/2014,82,59,70.5,-1.1,0,6,0,0,0
10/4/2014,79,50,64.5,-6.8,0,0,0,0,0
10/5/2014,86,57,71.5,0.5,0,7,0,0,0
10/6/2014,85,67,76,5.4,0,11,0.03,0,0
10/7/2014,98,68,83,12.7,0,18,0,0,0
10/8/2014,91,73,82,12,0,17,0,0,0
10/9/2014,94,76,85,15.3,0,20,0,0,0
10/10/2014,92,64,78,8.6,0,13,0.31,0,0
10/11/2014,66,57,61.5,-7.6,3,0,0.13,0,0
10/12/2014,75,52,63.5,-5.3,1,0,T,0,0
10/13/2014,75,59,67,-1.5,0,2,1.29,0,0
10/14/2014,77,56,66.5,-1.7,0,2,0,0,0
10/15/2014,83,51,67,-0.9,0,2,0,0,0
10/16/2014,89,54,71.5,3.9,0,7,0,0,0
10/17/2014,86,58,72,4.7,0,7,0,0,0
10/18/2014,82,61,71.5,4.5,0,7,0,0,0
10/19/2014,76,58,67,0.3,0,2,0,0,0
10/20/2014,82,58,70,3.6,0,5,0,0,0
10/21/2014,82,59,70.5,4.5,0,6,0,0,0
10/22/2014,80,61,70.5,4.8,0,6,0,0,0
10/23/2014,79,63,71,5.6,0,6,0.01,0,0
10/24/2014,84,60,72,6.9,0,7,0,0,0
10/25/2014,88,64,76,11.2,0,11,0,0,0
10/26/2014,88,63,75.5,11.1,0,11,0,0,0
10/27/2014,85,66,75.5,11.4,0,11,0,0,0
10/28/2014,77,64,70.5,6.7,0,6,T,0,0
10/29/2014,76,54,65,1.6,0,0,0,0,0
10/30/2014,78,52,65,1.9,0,0,T,0,0
10/31/2014,67,47,57,-5.7,8,0,0,0,0
11/1/2014,62,37,49.5,-12.9,15,0,0,0,0
11/2/2014,68,46,57,-5,8,0,0,0,0
11/3/2014,76,54,65,3.4,0,0,0,0,0
11/4/2014,70,52,61,-0.2,4,0,1.24,0,0
11/5/2014,56,50,53,-7.9,12,0,0.17,0,0
11/6/2014,70,43,56.5,-4,8,0,0,0,0
11/7/2014,67,42,54.5,-5.6,10,0,0,0,0
11/8/2014,70,46,58,-1.7,7,0,0,0,0
11/9/2014,73,39,56,-3.3,9,0,0,0,0
11/10/2014,79,51,65,6.1,0,0,0,0,0
11/11/2014,66,38,52,-6.4,13,0,T,0,0
11/12/2014,40,31,35.5,-22.5,29,0,0,0,0
11/13/2014,38,28,33,-24.6,32,0,T,T,0
11/14/2014,40,25,32.5,-24.7,32,0,0,0,0
11/15/2014,45,37,41,-15.8,24,0,T,0,0
11/16/2014,40,27,33.5,-22.8,31,0,0.04,T,0
11/17/2014,44,23,33.5,-22.4,31,0,0,0,T
11/18/2014,56,22,39,-16.5,26,0,0,0,0
11/19/2014,64,33,48.5,-6.6,16,0,0,0,0
11/20/2014,71,41,56,1.3,9,0,0,0,0
11/21/2014,68,58,63,8.8,2,0,0.02,0,0
11/22/2014,60,52,56,2.2,9,0,0.66,0,0
11/23/2014,77,48,62.5,9.1,2,0,0,0,0
11/24/2014,60,41,50.5,-2.5,14,0,0,0,0
11/25/2014,61,35,48,-4.6,17,0,0,0,0
11/26/2014,64,37,50.5,-1.7,14,0,0,0,0
11/27/2014,57,36,46.5,-5.4,18,0,0,0,0
11/28/2014,69,39,54,2.5,11,0,0,0,0
11/29/2014,77,49,63,11.9,2,0,0,0,0
11/30/2014,79,61,70,19.2,0,5,0,0,0
12/1/2014,66,31,48.5,-1.9,16,0,0,0,0
12/2/2014,48,31,39.5,-10.6,25,0,0,0,0
12/3/2014,57,48,52.5,2.7,12,0,0,0,0
12/4/2014,64,55,59.5,10.1,5,0,0.01,0,0
12/5/2014,77,55,66,16.9,0,1,0.02,0,0
12/6/2014,65,45,55,6.2,10,0,0,0,0
12/7/2014,52,42,47,-1.6,18,0,T,0,0
12/8/2014,56,40,48,-0.3,17,0,0,0,0
12/9/2014,55,36,45.5,-2.6,19,0,0,0,0
12/10/2014,56,40,48,0.2,17,0,T,0,0
12/11/2014,66,50,58,10.4,7,0,0,0,0
12/12/2014,71,58,64.5,17.1,0,0,T,0,0
12/13/2014,71,57,64,16.8,1,0,0,0,0
12/14/2014,67,61,64,17,1,0,0.09,0,0
12/15/2014,65,49,57,10.2,8,0,0.02,0,0
12/16/2014,53,39,46,-0.6,19,0,0,0,0
12/17/2014,47,40,43.5,-3,21,0,0.37,0,0
12/18/2014,49,41,45,-1.3,20,0,0.01,0,0
12/19/2014,49,45,47,0.8,18,0,0.13,0,0
12/20/2014,47,44,45.5,-0.6,19,0,T,0,0
12/21/2014,53,47,50,4,15,0,T,0,0
12/22/2014,65,49,57,11.1,8,0,0,0,0
12/23/2014,53,44,48.5,2.7,16,0,0.47,0,0
12/24/2014,51,36,43.5,-2.2,21,0,0,0,0
12/25/2014,62,34,48,2.3,17,0,0,0,0
12/26/2014,66,50,58,12.4,7,0,0.01,0,0
12/27/2014,62,35,48.5,3,16,0,T,0,0
12/28/2014,49,33,41,-4.5,24,0,0,0,0
12/29/2014,52,29,40.5,-5,24,0,0,0,0
12/30/2014,46,36,41,-4.4,24,0,0,0,0
12/31/2014,36,32,34,-11.4,31,0,T,0,0
