Date,Maximum,Minimum,Average,Departure,HDD,CDD,Precipitation,New Snow,Snow Depth
1/1/2015,32,14,23,-1.4,42,0,0,0,0
1/2/2015,34,15,24.5,0.2,40,0,0,0,0
1/3/2015,34,29,31.5,7.3,33,0,0.57,0.4,0
1/4/2015,33,2,17.5,-6.6,47,0,0.13,2.2,1
1/5/2015,6,-3,1.5,-22.5,63,0,0.15,1.8,2
1/6/2015,10,-5,2.5,-21.4,62,0,0.01,0.2,4
1/7/2015,6,-6,0,-23.9,65,0,0,0,3
1/8/2015,18,-8,5,-18.8,60,0,0.06,3,3
1/9/2015,11,0,5.5,-18.2,59,0,T,T,5
1/10/2015,24,-2,11,-12.7,54,0,0,0,4
1/11/2015,32,22,27,3.4,38,0,0.19,2.6,4
1/12/2015,28,15,21.5,-2.1,43,0,T,0.4,6
1/13/2015,19,3,11,-12.5,54,0,T,0.2,6
1/14/2015,19,1,10,-13.5,55,0,T,T,6
1/15/2015,34,17,25.5,2,39,0,0,0,5
1/16/2015,34,23,28.5,5,36,0,0,0,4
1/17/2015,42,26,34,10.6,31,0,0,0,4
1/18/2015,40,27,33.5,10.1,31,0,T,T,0
1/19/2015,41,25,33,9.6,32,0,T,T,0
1/20/2015,36,29,32.5,9.1,32,0,T,0,0
1/21/2015,33,29,31,7.5,34,0,0.01,0.1,0
1/22/2015,31,28,29.5,6,35,0,0,0,0
1/23/2015,31,29,30,6.5,35,0,0,0,0
1/24/2015,43,29,36,12.4,29,0,0,0,0
1/25/2015,34,24,29,5.4,36,0,0.08,0.6,0
1/26/2015,26,15,20.5,-3.2,44,0,0.07,1,0
1/27/2015,32,20,26,2.2,39,0,T,T,1
1/28/2015,34,19,26.5,2.6,38,0,0.01,0,1
1/29/2015,35,28,31.5,7.5,33,0,0.01,0.1,1
1/30/2015,30,18,24,-0.1,41,0,T,T,1
1/31/2015,36,19,27.5,3.3,37,0,0.12,1.3,0
2/1/2015,31,19,25,0.7,40,0,0.87,16.2,4
2/2/2015,19,6,12.5,-12,52,0,0.05,1.8,18
2/3/2015,26,2,14,-10.7,51,0,0.09,1.6,17
2/4/2015,25,4,14.5,-10.3,50,0,0.02,0.3,16
2/5/2015,15,-2,6.5,-18.5,58,0,0,0,15
2/6/2015,31,13,22,-3.2,43,0,0,0,14
2/7/2015,41,18,29.5,4.1,35,0,0,0,14
2/8/2015,39,25,32,6.3,33,0,0.01,T,9
2/9/2015,27,19,23,-2.9,42,0,T,T,6
2/10/2015,33,14,23.5,-2.7,41,0,0,0,6
2/11/2015,35,18,26.5,0.1,38,0,T,T,6
2/12/2015,18,8,13,-13.7,52,0,T,T,6
2/13/2015,26,5,15.5,-11.5,49,0,T,T,5
2/14/2015,27,1,14,-13.3,51,0,T,0.2,5
2/15/2015,15,-3,6,-21.6,59,0,0.03,0.2,5
2/16/2015,18,5,11.5,-16.4,53,0,0,0,5
2/17/2015,19,8,13.5,-14.7,51,0,T,0.1,5
2/18/2015,8,-3,2.5,-26,62,0,T,T,5
2/19/2015,4,-8,-2,-30.8,67,0,0,0,5
2/20/2015,18,-7,5.5,-23.7,59,0,0.01,0.2,5
2/21/2015,32,17,24.5,-5,40,0,T,T,5
2/22/2015,28,2,15,-14.9,50,0,T,T,5
2/23/2015,12,-4,4,-26.2,61,0,0,0,5
2/24/2015,29,4,16.5,-14.1,48,0,0.01,0.1,5
2/25/2015,26,10,18,-13,47,0,0.17,2,5
2/26/2015,19,0,9.5,-21.8,55,0,0.17,3.7,10
2/27/2015,14,-2,6,-25.7,59,0,0,0,10
2/28/2015,21,-10,5.5,-26.6,59,0,0.02,0.4,9
3/1/2015,25,10,17.5,-14.9,47,0,T,T,9
3/2/2015,33,13,23,-9.8,42,0,0,0,8
3/3/2015,34,24,29,-4.2,36,0,0.13,0.7,9
3/4/2015,31,10,20.5,-13.1,44,0,0,0,8
3/5/2015,16,3,9.5,-24.4,55,0,0,0,7
3/6/2015,27,0,13.5,-20.8,51,0,0,0,7
3/7/2015,44,24,34,-0.7,31,0,0,0,7
3/8/2015,40,28,34,-1.1,31,0,0,0,4
3/9/2015,50,25,37.5,2.1,27,0,0,0,4
3/10/2015,51,35,43,7.2,22,0,0,0,0
3/11/2015,51,30,40.5,4.3,24,0,0,0,0
3/12/2015,56,28,42,5.5,23,0,0,0,0
3/13/2015,65,37,51,14.1,14,0,0,0,0
3/14/2015,60,37,48.5,11.3,16,0,0,0,0
3/15/2015,62,29,45.5,7.9,19,0,0,0,0
3/16/2015,73,42,57.5,19.6,7,0,0,0,0
3/17/2015,45,28,36.5,-1.8,28,0,0,0,0
3/18/2015,50,28,39,0.3,26,0,0,0,0
3/19/2015,46,37,41.5,2.5,23,0,0,0,0
3/20/2015,50,38,44,4.6,21,0,0,0,0
3/21/2015,49,32,40.5,0.8,24,0,0,0,0
3/22/2015,35,26,30.5,-9.6,34,0,0.02,0.2,0
3/23/2015,31,28,29.5,-10.9,35,0,0.61,5.6,2
3/24/2015,37,19,28,-12.8,37,0,0.04,0,5
3/25/2015,41,35,38,-3.1,27,0,0.25,0,2
3/26/2015,42,31,36.5,-5,28,0,0,0,0
3/27/2015,31,21,26,-15.8,39,0,0.04,0.6,1
3/28/2015,36,20,28,-14.2,37,0,0,0,0
3/29/2015,47,24,35.5,-7,29,0,0.01,T,0
3/30/2015,61,34,47.5,4.6,17,0,T,0,0
3/31/2015,58,39,48.5,5.3,16,0,0,0,0
4/1/2015,72,35,53.5,9.9,11,0,0,0,0
4/2/2015,65,50,57.5,13.6,7,0,0.36,0,0
4/3/2015,53,30,41.5,-2.8,23,0,T,0,0
4/4/2015,58,28,43,-1.7,22,0,0,0,0
4/5/2015,66,36,51,6,14,0,0,0,0
4/6/2015,62,34,48,2.6,17,0,0.04,0,0
4/7/2015,46,38,42,-3.8,23,0,T,0,0
4/8/2015,50,40,45,-1.1,20,0,0.05,0,0
4/9/2015,71,41,56,9.5,9,0,1.41,0,0
4/10/2015,62,39,50.5,3.6,14,0,T,0,0
4/11/2015,62,38,50,2.8,15,0,0,0,0
4/12/2015,68,41,54.5,6.9,10,0,T,0,0
4/13/2015,65,49,57,9,8,0,0.22,0,0
4/14/2015,66,39,52.5,4.1,12,0,0,0,0
4/15/2015,64,43,53.5,4.8,11,0,0,0,0
4/16/2015,66,45,55.5,6.4,9,0,T,0,0
4/17/2015,78,45,61.5,12,3,0,0,0,0
4/18/2015,65,47,56,6.1,9,0,0,0,0
4/19/2015,68,48,58,7.8,7,0,0.46,0,0
4/20/2015,52,41,46.5,-4.1,18,0,0.01,0,0
4/21/2015,54,38,46,-5,19,0,T,0,0
4/22/2015,46,34,40,-11.3,25,0,T,T,0
4/23/2015,55,32,43.5,-8.2,21,0,0,0,0
4/24/2015,57,29,43,-9,22,0,0.16,0,0
4/25/2015,48,39,43.5,-8.9,21,0,0.16,0,0
4/26/2015,56,35,45.5,-7.3,19,0,0,0,0
4/27/2015,55,38,46.5,-6.6,18,0,0,0,0
4/28/2015,58,35,46.5,-7,18,0,0,0,0
4/29/2015,61,38,49.5,-4.3,15,0,T,0,0
4/30/2015,51,38,44.5,-9.6,20,0,0,0,0
5/1/2015,67,38,52.5,-2,12,0,0,0,0
5/2/2015,76,50,63,8.2,2,0,0,0,0
5/3/2015,78,55,66.5,11.4,0,2,0.42,0,0
5/4/2015,74,55,64.5,9,0,0,T,0,0
5/5/2015,56,47,51.5,-4.3,13,0,0.95,0,0
5/6/2015,77,46,61.5,5.4,3,0,0,0,0
5/7/2015,83,52,67.5,11.1,0,3,0.04,0,0
5/8/2015,81,63,72,15.3,0,7,0.75,0,0
5/9/2015,64,47,55.5,-1.5,9,0,0.29,0,0
5/10/2015,54,45,49.5,-7.8,15,0,0.14,0,0
5/11/2015,68,47,57.5,-0.2,7,0,0.22,0,0
5/12/2015,56,44,50,-8,15,0,T,0,0
5/13/2015,52,40,46,-12.3,19,0,0,0,0
5/14/2015,66,43,54.5,-4.1,10,0,0.24,0,0
5/15/2015,76,57,66.5,7.6,0,2,T,0,0
5/16/2015,79,62,70.5,11.3,0,6,0.03,0,0
5/17/2015,82,66,74,14.6,0,9,T,0,0
5/18/2015,77,49,63,3.3,2,0,0,0,0
5/19/2015,53,40,46.5,-13.5,18,0,0,0,0
5/20/2015,48,39,43.5,-16.8,21,0,0.04,0,0
5/21/2015,69,45,57,-3.6,8,0,0,0,0
5/22/2015,66,47,56.5,-4.5,8,0,0,0,0
5/23/2015,80,46,63,1.7,2,0,0,0,0
5/24/2015,72,59,65.5,3.9,0,1,0.36,0,0
5/25/2015,78,65,71.5,9.6,0,7,0.07,0,0
5/26/2015,74,64,69,6.8,0,4,0.5,0,0
5/27/2015,74,59,66.5,4,0,2,T,0,0
5/28/2015,82,54,68,5.2,0,3,0,0,0
5/29/2015,81,63,72,8.8,0,7,0.2,0,0
5/30/2015,71,44,57.5,-6,7,0,0.41,0,0
5/31/2015,55,42,48.5,-15.3,16,0,T,0,0
6/1/2015,60,44,52,-12.1,13,0,0,0,0
6/2/2015,70,42,56,-8.5,9,0,0,0,0
6/3/2015,77,50,63.5,-1.3,1,0,0,0,0
6/4/2015,81,57,69,3.8,0,4,0,0,0
6/5/2015,70,55,62.5,-3,2,0,0,0,0
6/6/2015,71,52,61.5,-4.3,3,0,0,0,0
6/7/2015,81,55,68,1.8,0,3,0.36,0,0
6/8/2015,84,61,72.5,6,0,8,0.04,T,0
6/9/2015,85,60,72.5,5.6,0,8,0,0,0
6/10/2015,92,68,80,12.8,0,15,0,0,0
6/11/2015,72,58,65,-2.6,0,0,0.27,0,0
6/12/2015,67,56,61.5,-6.4,3,0,0.13,0,0
6/13/2015,86,56,71,2.7,0,6,0.4,0,0
6/14/2015,83,68,75.5,6.9,0,11,0.6,0,0
6/15/2015,80,68,74,5.1,0,9,2.56,0,0
6/16/2015,72,56,64,-5.3,1,0,0,0,0
6/17/2015,72,56,64,-5.6,1,0,0.14,0,0
6/18/2015,79,58,68.5,-1.4,0,4,0.27,0,0
6/19/2015,67,54,60.5,-9.7,4,0,0,0,0
6/20/2015,78,53,65.5,-5,0,1,0.31,0,0
6/21/2015,84,67,75.5,4.7,0,11,0,0,0
6/22/2015,83,66,74.5,3.4,0,10,0.09,0,0
6/23/2015,82,63,72.5,1.1,0,8,0,0,0
6/24/2015,79,60,69.5,-2.1,0,5,T,0,0
6/25/2015,79,61,70,-1.9,0,5,1.01,0,0
6/26/2015,67,58,62.5,-9.6,2,0,0.13,0,0
6/27/2015,76,56,66,-6.4,0,1,0,0,0
6/28/2015,79,54,66.5,-6.1,0,2,0.02,0,0
6/29/2015,75,64,69.5,-3.3,0,5,0.62,0,0
6/30/2015,77,57,67,-6,0,2,0.17,0,0
7/1/2015,69,54,61.5,-11.7,3,0,0,0,0
7/2/2015,69,53,61,-12.3,4,0,0,0,0
7/3/2015,77,55,66,-7.5,0,1,0,0,0
7/4/2015,81,59,70,-3.6,0,5,0,0,0
7/5/2015,83,60,71.5,-2.2,0,7,0,0,0
7/6/2015,85,64,74.5,0.7,0,10,0.49,0,0
7/7/2015,71,55,63,-10.9,2,0,0.27,0,0
7/8/2015,67,54,60.5,-13.5,4,0,0.07,0,0
7/9/2015,77,58,67.5,-6.6,0,3,T,0,0
7/10/2015,83,59,71,-3.2,0,6,0,0,0
7/11/2015,78,61,69.5,-4.7,0,5,0.03,0,0
7/12/2015,83,69,76,1.7,0,11,T,0,0
7/13/2015,86,68,77,2.7,0,12,0.42,0,0
7/14/2015,83,61,72,-2.3,0,7,0,0,0
7/15/2015,75,59,67,-7.3,0,2,0,0,0
7/16/2015,75,58,66.5,-7.8,0,2,0.97,0,0
7/17/2015,92,71,81.5,7.2,0,17,0.06,0,0
7/18/2015,89,73,81,6.7,0,16,0.54,0,0
7/19/2015,85,65,75,0.7,0,10,0,0,0
7/20/2015,85,63,74,-0.2,0,9,T,0,0
7/21/2015,82,65,73.5,-0.7,0,9,0,0,0
7/22/2015,83,64,73.5,-0.7,0,9,0,0,0
7/23/2015,85,63,74,-0.1,0,9,0,0,0
7/24/2015,84,64,74,-0.1,0,9,0,0,0
7/25/2015,91,69,80,6,0,15,0,0,0
7/26/2015,80,64,72,-2,0,7,T,0,0
7/27/2015,88,67,77.5,3.6,0,13,0,0,0
7/28/2015,91,67,79,5.1,0,14,0,0,0
7/29/2015,88,70,79,5.2,0,14,T,0,0
7/30/2015,88,65,76.5,2.7,0,12,0,0,0
7/31/2015,87,67,77,3.3,0,12,0,0,0
8/1/2015,87,64,75.5,1.8,0,11,0,0,0
8/2/2015,91,67,79,5.4,0,14,0.53,T,0
8/3/2015,82,67,74.5,1,0,10,0,0,0
8/4/2015,82,61,71.5,-2,0,7,0,0,0
8/5/2015,82,61,71.5,-1.9,0,7,0,0,0
8/6/2015,83,64,73.5,0.1,0,9,0,0,0
8/7/2015,83,63,73,-0.3,0,8,0,0,0
8/8/2015,82,68,75,1.8,0,10,0,0,0
8/9/2015,80,67,73.5,0.3,0,9,T,0,0
8/10/2015,84,68,76,2.9,0,11,0.02,0,0
8/11/2015,82,65,73.5,0.5,0,9,0,0,0
8/12/2015,81,61,71,-2,0,6,0,0,0
8/13/2015,85,65,75,2.1,0,10,0,0,0
8/14/2015,90,67,78.5,5.7,0,14,0.21,0,0
8/15/2015,92,67,79.5,6.8,0,15,0.14,0,0
8/16/2015,89,71,80,7.3,0,15,0,0,0
8/17/2015,88,68,78,5.4,0,13,0.12,0,0
8/18/2015,83,67,75,2.5,0,10,0.4,0,0
8/19/2015,75,62,68.5,-3.8,0,4,T,0,0
8/20/2015,74,59,66.5,-5.7,0,2,0,0,0
8/21/2015,82,55,68.5,-3.6,0,4,0,0,0
8/22/2015,81,60,70.5,-1.5,0,6,0,0,0
8/23/2015,77,61,69,-2.8,0,4,T,0,0
8/24/2015,75,55,65,-6.7,0,0,0,0,0
8/25/2015,72,59,65.5,-6,0,1,0,0,0
8/26/2015,67,56,61.5,-9.8,3,0,0,0,0
8/27/2015,76,51,63.5,-7.6,1,0,0,0,0
8/28/2015,72,56,64,-6.9,1,0,0,0,0
8/29/2015,70,63,66.5,-4.2,0,2,0.74,0,0
8/30/2015,77,62,69.5,-1,0,5,0,0,0
8/31/2015,85,60,72.5,2.3,0,8,0,0,0
9/1/2015,88,68,78,8,0,13,0,0,0
9/2/2015,90,72,81,11.3,0,16,T,0,0
9/3/2015,91,71,81,11.6,0,16,0,0,0
9/4/2015,85,68,76.5,7.4,0,12,0,0,0
9/5/2015,87,69,78,9.2,0,13,0,0,0
9/6/2015,92,70,81,12.6,0,16,0,0,0
9/7/2015,88,76,82,13.9,0,17,T,0,0
9/8/2015,81,68,74.5,6.7,0,10,1.04,0,0
9/9/2015,77,58,67.5,0.1,0,3,0,0,0
9/10/2015,74,54,64,-3,1,0,0.21,0,0
9/11/2015,67,54,60.5,-6.1,4,0,0.17,0,0
9/12/2015,65,50,57.5,-8.7,7,0,0,0,0
9/13/2015,70,48,59,-6.8,6,0,0,0,0
9/14/2015,82,52,67,1.6,0,2,0,0,0
9/15/2015,82,62,72,7,0,7,0,0,0
9/16/2015,83,56,69.5,4.9,0,5,0,0,0
9/17/2015,85,61,73,8.9,0,8,0.36,0,0
9/18/2015,74,65,69.5,5.8,0,5,2.41,0,0
9/19/2015,71,53,62,-1.2,3,0,0.05,0,0
9/20/2015,73,50,61.5,-1.3,3,0,0,0,0
9/21/2015,74,52,63,0.7,2,0,0,0,0
9/22/2015,80,53,66.5,4.6,0,2,0,0,0
9/23/2015,80,57,68.5,7.1,0,4,0,0,0
9/24/2015,76,56,66,5,0,1,0,0,0
9/25/2015,73,60,66.5,5.9,0,2,0,0,0
9/26/2015,75,60,67.5,7.4,0,3,0,0,0
9/27/2015,74,61,67.5,7.8,0,3,T,0,0
9/28/2015,77,64,70.5,11.3,0,6,0,0,0
9/29/2015,68,55,61.5,2.7,3,0,0.4,0,0
9/30/2015,61,52,56.5,-1.9,8,0,0,0,0
10/1/2015,59,52,55.5,-2.5,9,0,0,0,0
10/2/2015,60,51,55.5,-2.1,9,0,0,0,0
10/3/2015,54,48,51,-6.2,14,0,0.01,0,0
10/4/2015,57,50,53.5,-3.3,11,0,0,0,0
10/5/2015,60,55,57.5,1.1,7,0,0,0,0
10/6/2015,71,55,63,7,2,0,T,0,0
10/7/2015,71,54,62.5,6.9,2,0,0,0,0
10/8/2015,77,50,63.5,8.3,1,0,0.05,0,0
10/9/2015,64,47,55.5,0.6,9,0,0,0,0
10/10/2015,65,42,53.5,-1,11,0,0,0,0
10/11/2015,79,51,65,10.8,0,0,0,0,0
10/12/2015,75,53,64,10.2,1,0,0,0,0
10/13/2015,63,47,55,1.5,10,0,0,0,0
10/14/2015,63,42,52.5,-0.6,12,0,0,0,0
10/15/2015,69,46,57.5,4.7,7,0,T,0,0
10/16/2015,55,37,46,-6.5,19,0,0,0,0
10/17/2015,53,33,43,-9.1,22,0,0,0,0
10/18/2015,60,33,46.5,-5.3,18,0,0,0,0
10/19/2015,73,47,60,8.5,5,0,0,0,0
10/20/2015,74,57,65.5,14.3,0,1,0.11,0,0
10/21/2015,75,52,63.5,12.7,1,0,0.01,0,0
10/22/2015,62,51,56.5,6,8,0,0,0,0
10/23/2015,64,52,58,7.8,7,0,0.16,0,0
10/24/2015,66,46,56,6.2,9,0,0.3,0,0
10/25/2015,62,41,51.5,2,13,0,0,0,0
10/26/2015,61,37,49,-0.2,16,0,0,0,0
10/27/2015,56,50,53,4.2,12,0,0.49,0,0
10/28/2015,56,37,46.5,-2,18,0,0.33,0,0
10/29/2015,47,36,41.5,-6.6,23,0,T,0,0
10/30/2015,56,36,46,-1.7,19,0,0,0,0
10/31/2015,52,45,48.5,1.1,16,0,0.77,0,0
11/1/2015,63,44,53.5,6.5,11,0,0,0,0
11/2/2015,72,47,59.5,12.9,5,0,0,0,0
11/3/2015,70,44,57,10.8,8,0,0,0,0
11/4/2015,71,48,59.5,13.7,5,0,0,0,0
11/5/2015,70,59,64.5,19.1,0,0,T,0,0
11/6/2015,65,41,53,8.1,12,0,0.16,0,0
11/7/2015,53,35,44,-0.5,21,0,0,0,0
11/8/2015,52,28,40,-4,25,0,0,0,0
11/9/2015,56,29,42.5,-1.1,22,0,0,0,0
11/10/2015,56,32,44,0.9,21,0,0,0,0
11/11/2015,63,36,49.5,6.9,15,0,0.42,0,0
11/12/2015,56,42,49,6.8,16,0,T,0,0
11/13/2015,47,32,39.5,-2.2,25,0,0,0,0
11/14/2015,57,25,41,-0.2,24,0,0,0,0
11/15/2015,64,44,54,13.3,11,0,0,0,0
11/16/2015,57,43,50,9.8,15,0,0.12,0,0
11/17/2015,61,47,54,14.3,11,0,0.63,0,0
11/18/2015,62,47,54.5,15.3,10,0,0.2,0,0
11/19/2015,47,35,41,2.3,24,0,T,0,0
11/20/2015,40,31,35.5,-2.6,29,0,0.28,4.2,0
11/21/2015,33,18,25.5,-12.1,39,0,1.16,7,5
11/22/2015,27,7,17,-20.1,48,0,0,0,7
11/23/2015,37,25,31,-5.6,34,0,0,0,7
11/24/2015,41,21,31,-5.1,34,0,0,0,5
11/25/2015,52,29,40.5,4.9,24,0,T,0,4
11/26/2015,60,48,54,18.9,11,0,0.42,0,0
11/27/2015,56,34,45,10.4,20,0,0.84,0,0
11/28/2015,38,30,34,-0.1,31,0,0,0,0
11/29/2015,41,25,33,-0.6,32,0,0,0,0
11/30/2015,44,38,41,7.8,24,0,0.26,0,0
12/1/2015,43,37,40,7.3,25,0,0.18,0,0
12/2/2015,38,31,34.5,2.2,30,0,0.21,1.3,0
12/3/2015,35,30,32.5,0.7,32,0,0,0,0
12/4/2015,47,32,39.5,8.1,25,0,0,0,0
12/5/2015,46,29,37.5,6.5,27,0,0,0,0
12/6/2015,47,27,37,6.4,28,0,0,0,0
12/7/2015,39,27,33,2.8,32,0,T,0,0
12/8/2015,47,38,42.5,12.7,22,0,0,0,0
12/9/2015,52,40,46,16.6,19,0,0,0,0
12/10/2015,57,41,49,19.9,16,0,0,0,0
12/11/2015,51,41,46,17.3,19,0,T,0,0
12/12/2015,57,47,52,23.6,13,0,T,0,0
12/13/2015,61,48,54.5,26.4,10,0,0.85,0,0
12/14/2015,61,42,51.5,23.7,13,0,0.39,0,0
12/15/2015,43,39,41,13.5,24,0,T,0,0
12/16/2015,53,35,44,16.7,21,0,0.12,0,0
12/17/2015,35,28,31.5,4.5,33,0,0,0,0
12/18/2015,32,24,28,1.3,37,0,T,0.2,0
12/19/2015,30,15,22.5,-4,42,0,0,0,0
12/20/2015,50,23,36.5,10.2,28,0,0.03,0,0
12/21/2015,52,41,46.5,20.4,18,0,0.67,0,0
12/22/2015,41,35,38,12.1,27,0,0.02,0,0
12/23/2015,59,40,49.5,23.8,15,0,0.49,0,0
12/24/2015,42,34,38,12.5,27,0,0,0,0
12/25/2015,44,32,38,12.6,27,0,0,0,0
12/26/2015,42,37,39.5,14.3,25,0,0.21,0,0
12/27/2015,40,35,37.5,12.5,27,0,0.14,T,0
12/28/2015,39,31,35,10.1,30,0,1.47,1.9,0
12/29/2015,39,29,34,9.2,31,0,T,T,1
12/30/2015,29,27,28,3.4,37,0,0.09,1.1,1
12/31/2015,28,22,25,0.5,40,0,T,T,1
1/1/2016,31,19,25,0.6,40,0,T,T,1
1/2/2016,32,20,26,1.7,39,0,0,0,1
1/3/2016,29,22,25.5,1.3,39,0,T,T,1
1/4/2016,31,22,26.5,2.4,38,0,T,T,1
1/5/2016,33,17,25,1,40,0,0,0,1
1/6/2016,36,21,28.5,4.6,36,0,0,0,1
1/7/2016,41,34,37.5,13.6,27,0,0.01,0,1
1/8/2016,42,36,39,15.2,26,0,0.19,0,0
1/9/2016,40,23,31.5,7.8,33,0,0.27,1.7,0
1/10/2016,23,2,12.5,-11.2,52,0,T,T,1
1/11/2016,24,-1,11.5,-12.1,53,0,0.11,3.1,1
1/12/2016,20,3,11.5,-12.1,53,0,0.01,0.1,3
1/13/2016,25,-2,11.5,-12,53,0,T,0.1,3
1/14/2016,44,24,34,10.5,31,0,0,0,2
1/15/2016,43,30,36.5,13,28,0,0.01,T,0
1/16/2016,30,9,19.5,-4,45,0,0,0,0
1/17/2016,8,-1,3.5,-19.9,61,0,0,0,0
1/18/2016,7,-4,1.5,-21.9,63,0,0,0,0
1/19/2016,17,0,8.5,-14.9,56,0,0,0,0
1/20/2016,23,12,17.5,-5.9,47,0,0.05,0.9,0
1/21/2016,29,9,19,-4.5,46,0,0,0,0
1/22/2016,30,19,24.5,1,40,0,0.02,0.4,0
1/23/2016,33,20,26.5,3,38,0,T,T,0
1/24/2016,34,24,29,5.4,36,0,0,0,0
1/25/2016,41,24,32.5,8.9,32,0,0.13,0,0
1/26/2016,36,24,30,6.3,35,0,0.02,T,0
1/27/2016,34,23,28.5,4.7,36,0,T,T,0
1/28/2016,39,29,34,10.1,31,0,T,T,0
1/29/2016,35,20,27.5,3.5,37,0,T,T,0
1/30/2016,46,35,40.5,16.4,24,0,T,0,0
1/31/2016,48,33,40.5,16.3,24,0,0.02,0,0
2/1/2016,45,30,37.5,13.2,27,0,0,0,0
2/2/2016,38,32,35,10.5,30,0,0.79,0,0
2/3/2016,37,28,32.5,7.8,32,0,0.02,T,0
2/4/2016,32,19,25.5,0.7,39,0,0,0,0
2/5/2016,34,25,29.5,4.5,35,0,T,T,T
2/6/2016,41,24,32.5,7.3,32,0,0,0,0
2/7/2016,43,32,37.5,12.1,27,0,0,0,0
2/8/2016,32,20,26,0.3,39,0,0.02,0.4,0
2/9/2016,21,13,17,-8.9,48,0,0.02,0.6,1
2/10/2016,18,9,13.5,-12.7,51,0,0,0,1
2/11/2016,21,7,14,-12.4,51,0,0,0,0
2/12/2016,23,7,15,-11.7,50,0,T,T,0
2/13/2016,17,2,9.5,-17.5,55,0,0,0,0
2/14/2016,18,9,13.5,-13.8,51,0,0.1,2.3,0
2/15/2016,27,18,22.5,-5.1,42,0,0.01,0.1,2
2/16/2016,33,24,28.5,0.6,36,0,0.04,0.4,2
2/17/2016,34,21,27.5,-0.7,37,0,0,0,1
2/18/2016,42,23,32.5,4,32,0,0,0,0
2/19/2016,62,41,51.5,22.7,13,0,0,0,0
2/20/2016,57,38,47.5,18.3,17,0,0,0,0
2/21/2016,41,29,35,5.5,30,0,0,0,0
2/22/2016,44,26,35,5.1,30,0,0,0,0
2/23/2016,45,26,35.5,5.3,29,0,0,0,0
2/24/2016,36,32,34,3.4,31,0,0.15,1.7,0
2/25/2016,37,31,34,3,31,0,T,T,0
2/26/2016,33,24,28.5,-2.8,36,0,T,T,0
2/27/2016,54,28,41,9.3,24,0,0,0,0
2/28/2016,62,36,49,16.9,16,0,0.08,0,0
2/29/2016,52,28,40,7.7,25,0,T,T,0
3/1/2016,30,18,24,-8.4,41,0,0.1,1,0
3/2/2016,32,11,21.5,-11.3,43,0,T,T,1
3/3/2016,33,27,30,-3.2,35,0,0.07,0.8,1
3/4/2016,39,20,29.5,-4.1,35,0,0.07,0.8,0
3/5/2016,39,29,34,0.1,31,0,T,0,1
3/6/2016,52,33,42.5,8.2,22,0,0,0,0
3/7/2016,63,44,53.5,18.8,11,0,0.03,0,0
3/8/2016,70,58,64,28.9,1,0,T,0,0
3/9/2016,63,48,55.5,20.1,9,0,0.18,0,0
3/10/2016,51,37,44,8.2,21,0,0,0,0
3/11/2016,55,34,44.5,8.3,20,0,0,0,0
3/12/2016,59,33,46,9.5,19,0,T,0,0
3/13/2016,48,43,45.5,8.6,19,0,0.66,0,0
3/14/2016,55,43,49,11.8,16,0,0.01,0,0
3/15/2016,58,46,52,14.4,13,0,0.14,0,0
3/16/2016,56,45,50.5,12.6,14,0,0.04,0,0
3/17/2016,56,40,48,9.7,17,0,0,0,0
3/18/2016,49,32,40.5,1.8,24,0,0,0,0
3/19/2016,46,35,40.5,1.5,24,0,0,0,0
3/20/2016,44,30,37,-2.4,28,0,0,0,0
3/21/2016,49,28,38.5,-1.2,26,0,0,0,0
3/22/2016,63,40,51.5,11.4,13,0,0,0,0
3/23/2016,42,36,39,-1.4,26,0,0.11,0,0
3/24/2016,39,30,34.5,-6.3,30,0,1.09,T,0
3/25/2016,48,28,38,-3.1,27,0,0,0,0
3/26/2016,54,31,42.5,1,22,0,0,0,0
3/27/2016,63,36,49.5,7.7,15,0,0.32,0,0
3/28/2016,53,35,44,1.8,21,0,0,0,0
3/29/2016,58,31,44.5,2,20,0,0,0,0
3/30/2016,62,42,52,9.1,13,0,0.13,0,0
3/31/2016,67,44,55.5,12.3,9,0,0.39,0,0
4/1/2016,49,35,42,-1.6,23,0,0.08,0,0
4/2/2016,40,27,33.5,-10.4,31,0,0.02,0.3,0
4/3/2016,71,26,48.5,4.2,16,0,T,0,0
4/4/2016,38,29,33.5,-11.2,31,0,T,T,0
4/5/2016,45,24,34.5,-10.5,30,0,0.02,0,0
4/6/2016,50,40,45,-0.4,20,0,0.31,0,0
4/7/2016,41,33,37,-8.8,28,0,0.06,0.1,0
4/8/2016,41,26,33.5,-12.6,31,0,0.1,0.7,0
4/9/2016,38,22,30,-16.5,35,0,0,T,0
4/10/2016,50,33,41.5,-5.4,23,0,0.1,T,0
4/11/2016,51,36,43.5,-3.7,21,0,0,0,0
4/12/2016,47,30,38.5,-9.1,26,0,0,0,0
4/13/2016,56,34,45,-3,20,0,0,0,0
4/14/2016,61,37,49,0.6,16,0,0,0,0
4/15/2016,68,42,55,6.3,10,0,0,0,0
4/16/2016,76,41,58.5,9.4,6,0,0,0,0
4/17/2016,79,45,62,12.5,3,0,0,0,0
4/18/2016,83,49,66,16.1,0,1,0,0,0
4/19/2016,57,46,51.5,1.3,13,0,0,0,0
4/20/2016,71,51,61,10.4,4,0,0.48,0,0
4/21/2016,70,50,60,9,5,0,0.01,0,0
4/22/2016,54,41,47.5,-3.8,17,0,T,0,0
4/23/2016,60,38,49,-2.7,16,0,0,0,0
4/24/2016,78,41,59.5,7.5,5,0,0,0,0
4/25/2016,83,58,70.5,18.1,0,6,0.08,T,0
4/26/2016,68,42,55,2.2,10,0,0,0,0
4/27/2016,49,41,45,-8.1,20,0,0.47,0,0
4/28/2016,50,42,46,-7.5,19,0,0.45,0,0
4/29/2016,51,41,46,-7.8,19,0,0.01,0,0
4/30/2016,48,43,45.5,-8.6,19,0,0.61,0,0
5/1/2016,49,42,45.5,-9,19,0,0.51,0,0
5/2/2016,59,42,50.5,-4.3,14,0,0,0,0
5/3/2016,67,40,53.5,-1.6,11,0,T,0,0
5/4/2016,57,42,49.5,-6,15,0,0.4,0,0
5/5/2016,61,41,51,-4.8,14,0,0,0,0
5/6/2016,82,42,62,5.9,3,0,T,0,0
5/7/2016,70,44,57,0.6,8,0,0.02,0,0
5/8/2016,71,41,56,-0.7,9,0,0,0,0
5/9/2016,58,50,54,-3,11,0,0.59,0,0
5/10/2016,63,51,57,-0.3,8,0,0.79,0,0
5/11/2016,69,51,60,2.3,5,0,0.19,0,0
5/12/2016,70,53,61.5,3.5,3,0,0.48,0,0
5/13/2016,66,43,54.5,-3.8,10,0,0.68,0,0
5/14/2016,47,41,44,-14.6,21,0,0,0,0
5/15/2016,55,35,45,-13.9,20,0,0,0,0
5/16/2016,70,46,58,-1.2,7,0,T,0,0
5/17/2016,57,44,50.5,-8.9,14,0,T,0,0
5/18/2016,65,41,53,-6.7,12,0,0,0,0
5/19/2016,69,39,54,-6,11,0,0,0,0
5/20/2016,68,44,56,-4.3,9,0,0,0,0
5/21/2016,75,53,64,3.4,1,0,0,0,0
5/22/2016,77,53,65,4,0,0,0,0,0
5/23/2016,81,48,64.5,3.2,0,0,0,0,0
5/24/2016,86,60,73,11.4,0,8,0,0,0
5/25/2016,86,64,75,13.1,0,10,0.95,0,0
5/26/2016,83,62,72.5,10.3,0,8,0,0,0
5/27/2016,81,66,73.5,11,0,9,0.13,0,0
5/28/2016,81,64,72.5,9.7,0,8,0.13,0,0
5/29/2016,79,63,71,7.8,0,6,0,0,0
5/30/2016,87,63,75,11.5,0,10,0,0,0
5/31/2016,83,63,73,9.2,0,8,0.56,0,0
6/1/2016,79,62,70.5,6.4,0,6,0.42,0,0
6/2/2016,79,57,68,3.5,0,3,0,0,0
6/3/2016,84,55,69.5,4.7,0,5,0,0,0
6/4/2016,72,62,67,1.8,0,2,0.41,0,0
6/5/2016,79,61,70,4.5,0,5,0.05,0,0
6/6/2016,82,59,70.5,4.7,0,6,0,0,0
6/7/2016,67,51,59,-7.2,6,0,0,0,0
6/8/2016,70,52,61,-5.5,4,0,0,0,0
6/9/2016,72,53,62.5,-4.4,2,0,0.21,0,0
6/10/2016,90,63,76.5,9.3,0,12,0.1,0,0
6/11/2016,91,71,81,13.4,0,16,0,0,0
6/12/2016,79,59,69,1.1,0,4,0,0,0
6/13/2016,86,54,70,1.7,0,5,0.02,0,0
6/14/2016,87,64,75.5,6.9,0,11,T,0,0
6/15/2016,90,68,79,10.1,0,14,0.3,0,0
6/16/2016,77,63,70,0.7,0,5,T,0,0
6/17/2016,85,61,73,3.4,0,8,0,0,0
6/18/2016,87,58,72.5,2.6,0,8,0,0,0
6/19/2016,89,62,75.5,5.3,0,11,0,0,0
6/20/2016,93,70,81.5,11,0,17,T,0,0
6/21/2016,84,64,74,3.2,0,9,0,0,0
6/22/2016,76,67,71.5,0.4,0,7,1.31,0,0
6/23/2016,78,64,71,-0.4,0,6,0,0,0
6/24/2016,82,62,72,0.4,0,7,0,0,0
6/25/2016,89,65,77,5.1,0,12,0,0,0
6/26/2016,90,72,81,8.9,0,16,0.03,0,0
6/27/2016,90,69,79.5,7.1,0,15,0,0,0
6/28/2016,71,57,64,-8.6,1,0,0,0,0
6/29/2016,81,55,68,-4.8,0,3,0,0,0
6/30/2016,78,57,67.5,-5.5,0,3,T,0,0
7/1/2016,72,59,65.5,-7.7,0,1,0,0,0
7/2/2016,76,54,65,-8.3,0,0,0,0,0
7/3/2016,77,55,66,-7.5,0,1,0,0,0
7/4/2016,79,66,72.5,-1.1,0,8,0,0,0
7/5/2016,87,66,76.5,2.8,0,12,0,0,0
7/6/2016,88,67,77.5,3.7,0,13,0.87,0,0
7/7/2016,84,70,77,3.1,0,12,1.05,0,0
7/8/2016,86,68,77,3,0,12,0,0,0
7/9/2016,79,65,72,-2.1,0,7,0,0,0
7/10/2016,82,60,71,-3.2,0,6,0,0,0
7/11/2016,90,69,79.5,5.3,0,15,0,0,0
7/12/2016,88,74,81,6.7,0,16,0,0,0
7/13/2016,84,68,76,1.7,0,11,0.06,0,0
7/14/2016,88,67,77.5,3.2,0,13,0,0,0
7/15/2016,75,60,67.5,-6.8,0,3,0.14,0,0
7/16/2016,77,57,67,-7.3,0,2,0,0,0
7/17/2016,83,61,72,-2.3,0,7,0.25,0,0
7/18/2016,88,71,79.5,5.2,0,15,0,0,0
7/19/2016,91,68,79.5,5.2,0,15,0,0,0
7/20/2016,88,69,78.5,4.3,0,14,0,0,0
7/21/2016,91,72,81.5,7.3,0,17,1.03,0,0
7/22/2016,90,72,81,6.8,0,16,0.01,0,0
7/23/2016,91,70,80.5,6.4,0,16,1.11,0,0
7/24/2016,93,71,82,7.9,0,17,0.94,0,0
7/25/2016,89,72,80.5,6.5,0,16,0,0,0
7/26/2016,88,69,78.5,4.5,0,14,0,0,0
7/27/2016,89,68,78.5,4.6,0,14,0,0,0
7/28/2016,84,70,77,3.1,0,12,0.66,0,0
7/29/2016,81,70,75.5,1.7,0,11,0.11,0,0
7/30/2016,78,68,73,-0.8,0,8,0,0,0
7/31/2016,81,65,73,-0.7,0,8,0,0,0
8/1/2016,84,65,74.5,0.8,0,10,0,0,0
8/2/2016,87,67,77,3.4,0,12,0,0,0
8/3/2016,90,69,79.5,6,0,15,0,0,0
8/4/2016,91,70,80.5,7,0,16,0.02,0,0
8/5/2016,86,72,79,5.6,0,14,T,0,0
8/6/2016,84,66,75,1.6,0,10,0,0,0
8/7/2016,83,62,72.5,-0.8,0,8,0,0,0
8/8/2016,84,72,78,4.8,0,13,0,0,0
8/9/2016,88,67,77.5,4.3,0,13,0,0,0
8/10/2016,89,69,79,5.9,0,14,0,0,0
8/11/2016,92,73,82.5,9.5,0,18,0,0,0
8/12/2016,83,74,78.5,5.5,0,14,0.96,0,0
8/13/2016,84,72,78,5.1,0,13,T,0,0
8/14/2016,87,65,76,3.2,0,11,0,0,0
8/15/2016,78,67,72.5,-0.2,0,8,T,0,0
8/16/2016,88,71,79.5,6.8,0,15,0.02,0,0
8/17/2016,88,70,79,6.4,0,14,0.05,0,0
8/18/2016,85,70,77.5,5,0,13,0.75,0,0
8/19/2016,84,66,75,2.7,0,10,0.07,0,0
8/20/2016,80,63,71.5,-0.7,0,7,0.47,0,0
8/21/2016,76,58,67,-5.1,0,2,0,0,0
8/22/2016,78,56,67,-5,0,2,0,0,0
8/23/2016,81,60,70.5,-1.3,0,6,0,0,0
8/24/2016,84,70,77,5.3,0,12,0.23,0,0
8/25/2016,85,67,76,4.5,0,11,0.09,0,0
8/26/2016,81,66,73.5,2.2,0,9,0.14,0,0
8/27/2016,84,67,75.5,4.4,0,11,0.84,0,0
8/28/2016,83,71,77,6.1,0,12,0,0,0
8/29/2016,86,70,78,7.3,0,13,0.43,0,0
8/30/2016,84,70,77,6.5,0,12,0.19,0,0
8/31/2016,76,63,69.5,-0.7,0,5,0,0,0
9/1/2016,73,62,67.5,-2.5,0,3,T,0,0
9/2/2016,74,62,68,-1.7,0,3,0,0,0
9/3/2016,76,56,66,-3.4,0,1,0,0,0
9/4/2016,80,59,69.5,0.4,0,5,0,0,0
9/5/2016,87,62,74.5,5.7,0,10,0,0,0
9/6/2016,91,75,83,14.6,0,18,T,0,0
9/7/2016,89,74,81.5,13.4,0,17,0.39,0,0
9/8/2016,82,70,76,8.2,0,11,0.05,0,0
9/9/2016,81,63,72,4.6,0,7,T,0,0
9/10/2016,73,59,66,-1,0,1,0.01,0,0
9/11/2016,76,51,63.5,-3.1,1,0,0,0,0
9/12/2016,79,54,66.5,0.3,0,2,0,0,0
9/13/2016,85,65,75,9.2,0,10,T,0,0
9/14/2016,74,64,69,3.6,0,4,0.09,0,0
9/15/2016,78,60,69,4,0,4,0,0,0
9/16/2016,83,65,74,9.4,0,9,0.01,0,0
9/17/2016,82,62,72,7.9,0,7,0.04,0,0
9/18/2016,81,57,69,5.3,0,4,0,0,0
9/19/2016,88,56,72,8.8,0,7,0,0,0
9/20/2016,83,66,74.5,11.7,0,10,T,0,0
9/21/2016,74,65,69.5,7.2,0,5,0.55,0,0
9/22/2016,81,64,72.5,10.6,0,8,T,0,0
9/23/2016,73,67,70,8.6,0,5,T,0,0
9/24/2016,74,66,70,9,0,5,0,0,0
9/25/2016,85,63,74,13.4,0,9,0.01,0,0
9/26/2016,69,56,62.5,2.4,2,0,T,0,0
9/27/2016,70,51,60.5,0.8,4,0,0,0,0
9/28/2016,60,50,55,-4.2,10,0,0.31,0,0
9/29/2016,65,59,62,3.2,3,0,0.2,0,0
9/30/2016,64,60,62,3.6,3,0,0.1,0,0
10/1/2016,64,57,60.5,2.5,4,0,0.94,0,0
10/2/2016,65,56,60.5,2.9,4,0,0.03,0,0
10/3/2016,67,57,62,4.8,3,0,0,0,0
10/4/2016,75,60,67.5,10.7,0,3,0,0,0
10/5/2016,80,59,69.5,13.1,0,5,T,0,0
10/6/2016,74,58,66,10,0,1,0.25,0,0
10/7/2016,70,47,58.5,2.9,6,0,T,0,0
10/8/2016,65,40,52.5,-2.7,12,0,0,0,0
10/9/2016,63,47,55,0.1,10,0,0,0,0
10/10/2016,71,45,58,3.5,7,0,0,0,0
10/11/2016,73,54,63.5,9.3,1,0,T,0,0
10/12/2016,69,45,57,3.2,8,0,0.14,0,0
10/13/2016,57,38,47.5,-6,17,0,0,0,0
10/14/2016,66,38,52,-1.1,13,0,0,0,0
10/15/2016,70,53,61.5,8.7,3,0,T,0,0
10/16/2016,72,65,68.5,16,0,4,0.29,0,0
10/17/2016,82,67,74.5,22.4,0,10,0,0,0
10/18/2016,76,55,65.5,13.7,0,1,0,0,0
10/19/2016,71,49,60,8.5,5,0,0.02,0,0
10/20/2016,56,45,50.5,-0.7,14,0,0,0,0
10/21/2016,54,37,45.5,-5.3,19,0,0,0,0
10/22/2016,60,37,48.5,-2,16,0,0,0,0
10/23/2016,73,41,57,6.8,8,0,0,0,0
10/24/2016,59,39,49,-0.8,16,0,0,0,0
10/25/2016,54,36,45,-4.5,20,0,T,0,0
10/26/2016,51,45,48,-1.2,17,0,1.6,0,0
10/27/2016,51,42,46.5,-2.3,18,0,T,0,0
10/28/2016,65,38,51.5,3,13,0,0,0,0
10/29/2016,71,56,63.5,15.4,1,0,0,0,0
10/30/2016,56,41,48.5,0.8,16,0,0.5,0,0
10/31/2016,61,38,49.5,2.1,15,0,0,0,0
11/1/2016,75,61,68,21,0,3,T,0,0
11/2/2016,65,55,60,13.4,5,0,0.18,0,0
11/3/2016,67,48,57.5,11.3,7,0,0,0,0
11/4/2016,63,40,51.5,5.7,13,0,0,0,0
11/5/2016,68,43,55.5,10.1,9,0,0,0,0
11/6/2016,69,42,55.5,10.6,9,0,0,0,0
11/7/2016,66,42,54,9.5,11,0,0,0,0
11/8/2016,63,49,56,12,9,0,0.03,0,0
11/9/2016,58,41,49.5,5.9,15,0,0,0,0
11/10/2016,63,41,52,8.9,13,0,0,0,0
11/11/2016,52,37,44.5,1.9,20,0,T,0,0
11/12/2016,52,31,41.5,-0.7,23,0,0,0,0
11/13/2016,56,35,45.5,3.8,19,0,0,0,0
11/14/2016,60,41,50.5,9.3,14,0,0,0,0
11/15/2016,54,38,46,5.3,19,0,0,0,0
11/16/2016,60,39,49.5,9.3,15,0,0,0,0
11/17/2016,72,44,58,18.3,7,0,0,0,0
11/18/2016,66,39,52.5,13.3,12,0,0.2,0,0
11/19/2016,39,28,33.5,-5.2,31,0,0.01,T,0
11/20/2016,35,23,29,-9.1,36,0,0,0,0
11/21/2016,41,22,31.5,-6.1,33,0,0,0,0
11/22/2016,41,25,33,-4.1,32,0,0.02,0,0
11/23/2016,44,37,40.5,3.9,24,0,0.21,0,0
11/24/2016,43,35,39,2.9,26,0,T,0,0
11/25/2016,42,31,36.5,0.9,28,0,T,0,0
11/26/2016,47,32,39.5,4.4,25,0,0,0,0
11/27/2016,44,32,38,3.4,27,0,0.05,0,0
11/28/2016,51,41,46,11.9,19,0,0.99,0,0
11/29/2016,57,44,50.5,16.9,14,0,0,0,0
11/30/2016,45,34,39.5,6.3,25,0,T,0,0
12/1/2016,41,35,38,5.3,27,0,T,T,0
12/2/2016,40,34,37,4.7,28,0,T,0,0
12/3/2016,34,29,31.5,-0.3,33,0,0,0,0
12/4/2016,33,27,30,-1.4,35,0,0.5,6.4,0
12/5/2016,34,31,32.5,1.5,32,0,0,0,5
12/6/2016,41,25,33,2.4,32,0,0,0,2
12/7/2016,27,22,24.5,-5.7,40,0,T,T,0
12/8/2016,24,17,20.5,-9.3,44,0,0.01,T,0
12/9/2016,25,18,21.5,-7.9,43,0,T,T,0
12/10/2016,23,18,20.5,-8.6,44,0,0.12,2.7,0
12/11/2016,33,23,28,-0.7,37,0,0.44,5.1,3
12/12/2016,32,7,19.5,-8.9,45,0,0,0,5
12/13/2016,22,2,12,-16.1,53,0,T,0.1,5
12/14/2016,19,3,11,-16.8,54,0,T,T,5
12/15/2016,9,-2,3.5,-24,61,0,0,0,4
12/16/2016,20,7,13.5,-13.8,51,0,0.13,1.2,4
12/17/2016,22,18,20,-7,45,0,0.12,1.7,5
12/18/2016,18,-7,5.5,-21.2,59,0,0.03,0.5,6
12/19/2016,15,-13,1,-25.5,64,0,0,0,6
12/20/2016,28,14,21,-5.3,44,0,0,0,6
12/21/2016,36,19,27.5,1.4,37,0,0,0,5
12/22/2016,37,24,30.5,4.6,34,0,0,0,5
12/23/2016,35,27,31,5.3,34,0,0.1,T,3
12/24/2016,38,33,35.5,10,29,0,T,0,3
12/25/2016,39,32,35.5,10.1,29,0,0.09,0,2
12/26/2016,54,28,41,15.8,24,0,0.23,0,0
12/27/2016,28,19,23.5,-1.5,41,0,0,0,0
12/28/2016,45,19,32,7.1,33,0,0,0,0
12/29/2016,35,30,32.5,7.7,32,0,T,T,0
12/30/2016,38,24,31,6.4,34,0,0,0,0
12/31/2016,40,23,31.5,7,33,0,0,0,0
1/1/2017,40,17,28.5,4.1,36,0,0,0,0
1/2/2017,40,25,32.5,8.2,32,0,0.11,0,0
1/3/2017,39,19,29,4.8,36,0,T,0,0
1/4/2017,19,7,13,-11.1,52,0,0,0,0
1/5/2017,13,3,8,-16,57,0,T,T,0
1/6/2017,9,0,4.5,-19.4,60,0,T,T,0
1/7/2017,18,0,9,-14.9,56,0,0,0,0
1/8/2017,19,2,10.5,-13.3,54,0,0,0,0
1/9/2017,33,19,26,2.3,39,0,0.02,0.2,0
1/10/2017,51,25,38,14.3,27,0,0.2,0,0
1/11/2017,43,25,34,10.4,31,0,0.33,0,0
1/12/2017,28,19,23.5,-0.1,41,0,0.05,0.2,0
1/13/2017,27,16,21.5,-2,43,0,0,0,0
1/14/2017,35,21,28,4.5,37,0,0,0,0
1/15/2017,36,20,28,4.5,37,0,0,0,0
1/16/2017,37,30,33.5,10,31,0,0.9,T,0
1/17/2017,39,35,37,13.6,28,0,0.48,0,0
1/18/2017,36,30,33,9.6,32,0,T,0,0
1/19/2017,42,30,36,12.6,29,0,0.46,0,0
1/20/2017,43,38,40.5,17.1,24,0,0.18,0,0
1/21/2017,59,40,49.5,26,15,0,T,0,0
1/22/2017,46,38,42,18.5,23,0,0.01,0,0
1/23/2017,42,36,39,15.5,26,0,0,0,0
1/24/2017,38,34,36,12.4,29,0,T,0,0
1/25/2017,42,34,38,14.4,27,0,0.09,T,0
1/26/2017,34,30,32,8.3,33,0,T,T,0
1/27/2017,31,24,27.5,3.7,37,0,T,T,0
1/28/2017,29,24,26.5,2.6,38,0,T,T,0
1/29/2017,28,21,24.5,0.5,40,0,T,0.1,0
1/30/2017,37,15,26,1.9,39,0,0.01,0.1,0
1/31/2017,39,35,37,12.8,28,0,0.03,0,0
2/1/2017,38,21,29.5,5.2,35,0,T,T,0
2/2/2017,24,14,19,-5.5,46,0,0,0,0
2/3/2017,28,14,21,-3.7,44,0,0,0,0
2/4/2017,33,10,21.5,-3.3,43,0,0,0,0
2/5/2017,38,24,31,6,34,0,0,0,0
2/6/2017,55,21,38,12.8,27,0,T,0,0
2/7/2017,50,32,41,15.6,24,0,0.47,0,0
2/8/2017,32,19,25.5,-0.2,39,0,0,0,0
2/9/2017,25,13,19,-6.9,46,0,0,0,0
2/10/2017,41,18,29.5,3.3,35,0,0,0,0
2/11/2017,49,34,41.5,15.1,23,0,0,0,0
2/12/2017,47,31,39,12.3,26,0,T,0,0
2/13/2017,44,25,34.5,7.5,30,0,0,0,0
2/14/2017,50,31,40.5,13.2,24,0,0,0,0
2/15/2017,35,26,30.5,2.9,34,0,0,0,0
2/16/2017,41,30,35.5,7.6,29,0,0,0,0
2/17/2017,67,27,47,18.8,18,0,0,0,0
2/18/2017,70,40,55,26.5,10,0,0,0,0
2/19/2017,69,35,52,23.2,13,0,0,0,0
2/20/2017,70,41,55.5,26.3,9,0,0,0,0
2/21/2017,66,49,57.5,28,7,0,0.04,0,0
2/22/2017,68,50,59,29.1,6,0,0,0,0
2/23/2017,59,38,48.5,18.3,16,0,0.21,0,0
2/24/2017,40,33,36.5,5.9,28,0,0.15,0,0
2/25/2017,33,23,28,-3,37,0,T,T,0
2/26/2017,49,21,35,3.7,30,0,T,0,0
2/27/2017,54,27,40.5,8.8,24,0,0,0,0
2/28/2017,60,47,53.5,21.4,11,0,0.65,0,0
3/1/2017,54,32,43,10.6,22,0,0.12,T,0
3/2/2017,35,27,31,-1.8,34,0,T,T,0
3/3/2017,33,21,27,-6.2,38,0,0,0,0
3/4/2017,42,28,35,1.4,30,0,0.01,0.1,0
3/5/2017,60,32,46,12.1,19,0,0,0,0
3/6/2017,65,52,58.5,24.2,6,0,T,0,0
3/7/2017,65,44,54.5,19.8,10,0,0.24,0,0
3/8/2017,53,40,46.5,11.4,18,0,0,0,0
3/9/2017,42,29,35.5,0.1,29,0,0,0,0
3/10/2017,36,23,29.5,-6.3,35,0,0,0,0
3/11/2017,32,18,25,-11.2,40,0,0,0,0
3/12/2017,36,18,27,-9.5,38,0,0.05,0.4,0
3/13/2017,31,27,29,-7.9,36,0,0.24,3.9,2
3/14/2017,28,19,23.5,-13.7,41,0,0.19,3.4,6
3/15/2017,33,16,24.5,-13.1,40,0,0,0,2
3/16/2017,42,18,30,-7.9,35,0,0,0,1
3/17/2017,50,36,43,4.7,22,0,0.03,T,0
3/18/2017,45,32,38.5,-0.2,26,0,0,0,0
3/19/2017,53,29,41,2,24,0,0,0,0
3/20/2017,54,37,45.5,6.1,19,0,0.13,0,0
3/21/2017,54,33,43.5,3.8,21,0,0,0,0
3/22/2017,37,28,32.5,-7.6,32,0,0,0,0
3/23/2017,50,29,39.5,-0.9,25,0,0.02,0,0
3/24/2017,82,42,62,21.2,3,0,T,0,0
3/25/2017,47,41,44,2.9,21,0,0.71,0,0
3/26/2017,62,47,54.5,13,10,0,0.3,0,0
3/27/2017,52,42,47,5.2,18,0,T,0,0
3/28/2017,50,36,43,0.8,22,0,0,0,0
3/29/2017,49,35,42,-0.5,23,0,0.11,0,0
3/30/2017,45,39,42,-0.9,23,0,1.84,0,0
3/31/2017,44,36,40,-3.2,25,0,0.02,0,0
4/1/2017,59,34,46.5,2.9,18,0,0,0,0
4/2/2017,61,42,51.5,7.6,13,0,T,0,0
4/3/2017,54,46,50,5.7,15,0,0.19,0,0
4/4/2017,56,43,49.5,4.8,15,0,0.02,0,0
4/5/2017,47,40,43.5,-1.5,21,0,1.04,0,0
4/6/2017,51,38,44.5,-0.9,20,0,0.29,0,0
4/7/2017,54,37,45.5,-0.3,19,0,0,0,0
4/8/2017,68,37,52.5,6.4,12,0,0,0,0
4/9/2017,77,57,67,20.5,0,2,0,0,0
4/10/2017,78,41,59.5,12.6,5,0,0.32,0,0
4/11/2017,54,41,47.5,0.3,17,0,T,0,0
4/12/2017,59,38,48.5,0.9,16,0,0,0,0
4/13/2017,60,44,52,4,13,0,0.19,0,0
4/14/2017,66,47,56.5,8.1,8,0,0.06,0,0
4/15/2017,82,61,71.5,22.8,0,7,0.09,0,0
4/16/2017,73,52,62.5,13.4,2,0,0.59,0,0
4/17/2017,69,44,56.5,7,8,0,0,0,0
4/18/2017,76,41,58.5,8.6,6,0,0,0,0
4/19/2017,70,45,57.5,7.3,7,0,0.01,0,0
4/20/2017,73,48,60.5,9.9,4,0,T,0,0
4/21/2017,53,44,48.5,-2.5,16,0,0,0,0
4/22/2017,60,38,49,-2.3,16,0,0,0,0
4/23/2017,72,37,54.5,2.8,10,0,0,0,0
4/24/2017,73,40,56.5,4.5,8,0,0,0,0
4/25/2017,79,52,65.5,13.1,0,1,0,0,0
4/26/2017,74,60,67,14.2,0,2,0.22,0,0
4/27/2017,62,41,51.5,-1.6,13,0,0.14,0,0
4/28/2017,60,40,50,-3.5,15,0,T,0,0
4/29/2017,46,40,43,-10.8,22,0,1.95,0,0
4/30/2017,47,42,44.5,-9.6,20,0,1.32,0,0
5/1/2017,57,45,51,-3.5,14,0,0.09,0,0
5/2/2017,51,41,46,-8.8,19,0,0.01,0,0
5/3/2017,56,35,45.5,-9.6,19,0,0,0,0
5/4/2017,54,43,48.5,-7,16,0,0,0,0
5/5/2017,61,41,51,-4.8,14,0,T,0,0
5/6/2017,58,44,51,-5.1,14,0,0.11,0,0
5/7/2017,59,36,47.5,-8.9,17,0,0,0,0
5/8/2017,57,34,45.5,-11.2,19,0,0.02,0,0
5/9/2017,61,42,51.5,-5.5,13,0,0.13,0,0
5/10/2017,67,44,55.5,-1.8,9,0,0.87,0,0
5/11/2017,65,49,57,-0.7,8,0,T,0,0
5/12/2017,73,45,59,1,6,0,0,0,0
5/13/2017,82,47,64.5,6.2,0,0,0,0,0
5/14/2017,71,51,61,2.4,4,0,0,0,0
5/15/2017,82,50,66,7.1,0,1,0.02,0,0
5/16/2017,87,61,74,14.8,0,9,0,0,0
5/17/2017,84,62,73,13.6,0,8,0.37,0,0
5/18/2017,78,48,63,3.3,2,0,0,0,0
5/19/2017,50,43,46.5,-13.5,18,0,0.23,0,0
5/20/2017,64,48,56,-4.3,9,0,0.34,0,0
5/21/2017,65,51,58,-2.6,7,0,0.05,0,0
5/22/2017,73,48,60.5,-0.5,4,0,0.01,0,0
5/23/2017,62,55,58.5,-2.8,6,0,0.33,0,0
5/24/2017,62,53,57.5,-4.1,7,0,0.17,0,0
5/25/2017,69,52,60.5,-1.4,4,0,0,0,0
5/26/2017,71,52,61.5,-0.7,3,0,0.53,0,0
5/27/2017,78,52,65,2.5,0,0,0,0,0
5/28/2017,77,56,66.5,3.7,0,2,T,0,0
5/29/2017,77,55,66,2.8,0,1,0,0,0
5/30/2017,74,54,64,0.5,1,0,T,0,0
5/31/2017,74,52,63,-0.8,2,0,0,0,0
6/1/2017,81,51,66,1.9,0,1,0,0,0
6/2/2017,86,53,69.5,5,0,5,0,0,0
6/3/2017,84,57,70.5,5.7,0,6,T,0,0
6/4/2017,92,66,79,13.8,0,14,0,0,0
6/5/2017,75,59,67,1.5,0,2,0,0,0
6/6/2017,76,54,65,-0.8,0,0,0,0,0
6/7/2017,77,56,66.5,0.3,0,2,0,0,0
6/8/2017,83,53,68,1.5,0,3,0.06,0,0
6/9/2017,87,65,76,9.1,0,11,T,0,0
6/10/2017,90,64,77,9.8,0,12,0,0,0
6/11/2017,93,73,83,15.4,0,18,0,0,0
6/12/2017,95,73,84,16.1,0,19,0,0,0
6/13/2017,88,68,78,9.7,0,13,0,0,0
6/14/2017,92,68,80,11.4,0,15,0.59,0,0
6/15/2017,91,68,79.5,10.6,0,15,0.07,0,0
6/16/2017,86,67,76.5,7.2,0,12,0.22,0,0
6/17/2017,87,69,78,8.4,0,13,0.42,0,0
6/18/2017,79,69,74,4.1,0,9,T,0,0
6/19/2017,80,62,71,0.8,0,6,0.03,T,0
6/20/2017,80,58,69,-1.5,0,4,T,0,0
6/21/2017,80,55,67.5,-3.3,0,3,0,0,0
6/22/2017,88,68,78,6.9,0,13,T,0,0
6/23/2017,83,66,74.5,3.1,0,10,0.71,0,0
6/24/2017,75,59,67,-4.6,0,2,0.02,0,0
6/25/2017,72,54,63,-8.9,2,0,0,0,0
6/26/2017,75,54,64.5,-7.6,0,0,0,0,0
6/27/2017,78,50,64,-8.4,1,0,0,0,0
6/28/2017,80,58,69,-3.6,0,4,1.3,0,0
6/29/2017,81,66,73.5,0.7,0,9,0.02,0,0
6/30/2017,84,64,74,1,0,9,0,0,0
7/1/2017,82,66,74,0.8,0,9,0,0,0
7/2/2017,89,62,75.5,2.2,0,11,0,0,0
7/3/2017,80,66,73,-0.5,0,8,0.04,0,0
7/4/2017,83,64,73.5,-0.1,0,9,0,0,0
7/5/2017,89,65,77,3.3,0,12,0,0,0
7/6/2017,93,69,81,7.2,0,16,0,0,0
7/7/2017,89,63,76,2.1,0,11,T,0,0
7/8/2017,80,62,71,-3,0,6,0,0,0
7/9/2017,86,63,74.5,0.4,0,10,0,0,0
7/10/2017,84,67,75.5,1.3,0,11,0.73,0,0
7/11/2017,85,70,77.5,3.3,0,13,0.56,0,0
7/12/2017,81,68,74.5,0.2,0,10,1.77,T,0
7/13/2017,83,72,77.5,3.2,0,13,T,0,0
7/14/2017,73,63,68,-6.3,0,3,0,0,0
7/15/2017,81,60,70.5,-3.8,0,6,0,0,0
7/16/2017,78,60,69,-5.3,0,4,T,0,0
7/17/2017,79,56,67.5,-6.8,0,3,0,0,0
7/18/2017,89,60,74.5,0.2,0,10,0,0,0
7/19/2017,88,70,79,4.7,0,14,0.48,0,0
7/20/2017,88,69,78.5,4.3,0,14,1.77,0,0
7/21/2017,89,72,80.5,6.3,0,16,1.43,T,0
7/22/2017,88,72,80,5.8,0,15,0.66,0,0
7/23/2017,90,70,80,5.9,0,15,0.21,0,0
7/24/2017,74,66,70,-4.1,0,5,0,0,0
7/25/2017,82,61,71.5,-2.5,0,7,0,0,0
7/26/2017,85,65,75,1,0,10,0.03,0,0
7/27/2017,82,70,76,2.1,0,11,T,0,0
7/28/2017,79,67,73,-0.9,0,8,0,0,0
7/29/2017,79,64,71.5,-2.3,0,7,0,0,0
7/30/2017,84,62,73,-0.8,0,8,0,0,0
7/31/2017,86,65,75.5,1.8,0,11,0,0,0
8/1/2017,86,67,76.5,2.8,0,12,0.92,0,0
8/2/2017,87,66,76.5,2.9,0,12,T,0,0
8/3/2017,84,61,72.5,-1,0,8,0.88,0,0
8/4/2017,68,56,62,-11.5,3,0,T,0,0
8/5/2017,80,60,70,-3.4,0,5,0,0,0
8/6/2017,77,63,70,-3.4,0,5,0,0,0
8/7/2017,76,61,68.5,-4.8,0,4,T,0,0
8/8/2017,84,58,71,-2.2,0,6,0,0,0
8/9/2017,83,61,72,-1.2,0,7,0,0,0
8/10/2017,84,62,73,-0.1,0,8,0.03,0,0
8/11/2017,78,65,71.5,-1.5,0,7,0,0,0
8/12/2017,77,60,68.5,-4.5,0,4,0,0,0
8/13/2017,80,57,68.5,-4.4,0,4,T,0,0
8/14/2017,83,62,72.5,-0.3,0,8,0,0,0
8/15/2017,84,68,76,3.3,0,11,0,0,0
8/16/2017,88,67,77.5,4.8,0,13,0.17,0,0
8/17/2017,82,72,77,4.4,0,12,0.02,0,0
8/18/2017,82,67,74.5,2,0,10,0,0,0
8/19/2017,86,63,74.5,2.2,0,10,0,0,0
8/20/2017,90,63,76.5,4.3,0,12,T,0,0
8/21/2017,87,71,79,6.9,0,14,0.03,0,0
8/22/2017,82,64,73,1,0,8,0.02,0,0
8/23/2017,79,60,69.5,-2.3,0,5,0,0,0
8/24/2017,75,56,65.5,-6.2,0,1,0,0,0
8/25/2017,74,52,63,-8.5,2,0,0,0,0
8/26/2017,78,56,67,-4.3,0,2,T,0,0
8/27/2017,78,62,70,-1.1,0,5,0.01,0,0
8/28/2017,80,64,72,1.1,0,7,0.36,0,0
8/29/2017,76,61,68.5,-2.2,0,4,0.07,0,0
8/30/2017,82,60,71,0.5,0,6,0,0,0
8/31/2017,73,64,68.5,-1.7,0,4,0,0,0
9/1/2017,69,50,59.5,-10.5,5,0,0,0,0
9/2/2017,75,50,62.5,-7.2,2,0,0.25,0,0
9/3/2017,84,57,70.5,1.1,0,6,0,0,0
9/4/2017,82,62,72,2.9,0,7,T,0,0
9/5/2017,70,54,62,-6.8,3,0,T,0,0
9/6/2017,67,49,58,-10.4,7,0,T,0,0
9/7/2017,71,52,61.5,-6.6,3,0,0,0,0
9/8/2017,69,58,63.5,-4.3,1,0,T,0,0
9/9/2017,72,54,63,-4.4,2,0,0,0,0
9/10/2017,70,50,60,-7,5,0,0,0,0
9/11/2017,75,52,63.5,-3.1,1,0,0,0,0
9/12/2017,77,54,65.5,-0.7,0,1,0,0,0
9/13/2017,77,58,67.5,1.7,0,3,T,0,0
9/14/2017,81,59,70,4.6,0,5,0,0,0
9/15/2017,87,62,74.5,9.5,0,10,0,0,0
9/16/2017,88,65,76.5,11.9,0,12,0,0,0
9/17/2017,86,63,74.5,10.4,0,10,0,0,0
9/18/2017,77,58,67.5,3.8,0,3,0,0,0
9/19/2017,79,64,71.5,8.3,0,7,0.07,0,0
9/20/2017,92,62,77,14.2,0,12,0,0,0
9/21/2017,94,72,83,20.7,0,18,0,0,0
9/22/2017,94,71,82.5,20.6,0,18,0,0,0
9/23/2017,95,72,83.5,22.1,0,19,0,0,0
9/24/2017,93,70,81.5,20.5,0,17,0,0,0
9/25/2017,92,67,79.5,18.9,0,15,0,0,0
9/26/2017,92,70,81,20.9,0,16,0,0,0
9/27/2017,72,56,64,4.3,1,0,0,0,0
9/28/2017,74,53,63.5,4.3,1,0,0,0,0
9/29/2017,70,56,63,4.2,2,0,0,0,0
9/30/2017,68,53,60.5,2.1,4,0,0,0,0
10/1/2017,72,48,60,2,5,0,0,0,0
10/2/2017,83,58,70.5,12.9,0,6,0,0,0
10/3/2017,78,67,72.5,15.3,0,8,T,0,0
10/4/2017,76,58,67,10.2,0,2,0.03,0,0
10/5/2017,77,54,65.5,9.1,0,1,0.01,0,0
10/6/2017,69,60,64.5,8.5,0,0,0.3,0,0
10/7/2017,79,60,69.5,13.9,0,5,0.43,0,0
10/8/2017,78,54,66,10.8,0,1,0,0,0
10/9/2017,81,52,66.5,11.6,0,2,0,0,0
10/10/2017,63,58,60.5,6,4,0,0.78,0,0
10/11/2017,62,56,59,4.8,6,0,0.79,0,0
10/12/2017,60,56,58,4.2,7,0,T,0,0
10/13/2017,73,55,64,10.5,1,0,0,0,0
10/14/2017,66,62,64,10.9,1,0,4.19,0,0
10/15/2017,68,47,57.5,4.7,7,0,0.2,0,0
10/16/2017,63,43,53,0.5,12,0,0,0,0
10/17/2017,70,49,59.5,7.4,5,0,0,0,0
10/18/2017,71,47,59,7.2,6,0,0,0,0
10/19/2017,70,51,60.5,9,4,0,0,0,0
10/20/2017,78,51,64.5,13.3,0,0,0,0,0
10/21/2017,77,60,68.5,17.7,0,4,0,0,0
10/22/2017,70,51,60.5,10,4,0,0.37,0,0
10/23/2017,54,50,52,1.8,13,0,0.73,0,0
10/24/2017,50,42,46,-3.8,19,0,0.87,0,0
10/25/2017,53,38,45.5,-4,19,0,0,0,0
10/26/2017,60,36,48,-1.2,17,0,0,0,0
10/27/2017,52,38,45,-3.8,20,0,T,0,0
10/28/2017,40,36,38,-10.5,27,0,T,T,0
10/29/2017,46,33,39.5,-8.6,25,0,0,0,0
10/30/2017,50,37,43.5,-4.2,21,0,0,0,0
10/31/2017,40,34,37,-10.4,28,0,0,0,0
11/1/2017,44,36,40,-7,25,0,0.23,0,0
11/2/2017,51,44,47.5,0.9,17,0,0.02,0,0
11/3/2017,48,38,43,-3.2,22,0,0,0,0
11/4/2017,50,42,46,0.2,19,0,0.48,0,0
11/5/2017,52,42,47,1.6,18,0,0.02,0,0
11/6/2017,43,32,37.5,-7.4,27,0,0,0,0
11/7/2017,45,32,38.5,-6,26,0,0,0,0
11/8/2017,46,29,37.5,-6.5,27,0,0,0,0
11/9/2017,46,21,33.5,-10.1,31,0,0,0,0
11/10/2017,30,18,24,-19.1,41,0,T,0.1,0
11/11/2017,38,26,32,-10.6,33,0,0,0,0
11/12/2017,40,36,38,-4.2,27,0,0.13,T,0
11/13/2017,40,31,35.5,-6.2,29,0,0,0,0
11/14/2017,49,30,39.5,-1.7,25,0,0,0,0
11/15/2017,52,35,43.5,2.8,21,0,0.17,0,0
11/16/2017,38,33,35.5,-4.7,29,0,0,0,0
11/17/2017,48,35,41.5,1.8,23,0,0.14,0,0
11/18/2017,48,35,41.5,2.3,23,0,0.54,T,0
11/19/2017,37,30,33.5,-5.2,31,0,0,0,0
11/20/2017,52,30,41,2.9,24,0,0,0,0
11/21/2017,44,27,35.5,-2.1,29,0,0.02,0,0
11/22/2017,35,22,28.5,-8.6,36,0,0,0,0
11/23/2017,46,32,39,2.4,26,0,0,0,0
11/24/2017,63,32,47.5,11.4,17,0,0,0,0
11/25/2017,55,32,43.5,7.9,21,0,0,0,0
11/26/2017,49,27,38,2.9,27,0,0,0,0
11/27/2017,57,31,44,9.4,21,0,0,0,0
11/28/2017,61,43,52,17.9,13,0,0,0,0
11/29/2017,47,34,40.5,6.9,24,0,0,0,0
11/30/2017,54,39,46.5,13.3,18,0,0,0,0
12/1/2017,53,28,40.5,7.8,24,0,0,0,0
12/2/2017,54,33,43.5,11.2,21,0,0,0,0
12/3/2017,58,29,43.5,11.7,21,0,0,0,0
12/4/2017,65,44,54.5,23.1,10,0,0.16,0,0
12/5/2017,44,27,35.5,4.5,29,0,0,0,0
12/6/2017,35,26,30.5,-0.1,34,0,0,0,0
12/7/2017,29,19,24,-6.2,41,0,T,T,0
12/8/2017,37,18,27.5,-2.3,37,0,0.01,T,0
12/9/2017,32,20,26,-3.4,39,0,0.03,0.6,1
12/10/2017,35,20,27.5,-1.6,37,0,0,0,0
12/11/2017,39,23,31,2.3,34,0,0.08,1.4,0
12/12/2017,31,17,24,-4.4,41,0,T,T,1
12/13/2017,38,22,30,1.9,35,0,T,T,1
12/14/2017,27,16,21.5,-6.3,43,0,T,T,0
12/15/2017,37,21,29,1.5,36,0,T,T,0
12/16/2017,46,27,36.5,9.2,28,0,0,0,0
12/17/2017,42,29,35.5,8.5,29,0,0,0,0
12/18/2017,46,39,42.5,15.8,22,0,0.01,0,0
12/19/2017,50,35,42.5,16,22,0,0,0,0
12/20/2017,37,27,32,5.7,33,0,0,0,0
12/21/2017,40,32,36,9.9,29,0,0,0,0
12/22/2017,39,33,36,10.1,29,0,T,0,0
12/23/2017,33,19,26,0.3,39,0,0,0,0
12/24/2017,22,18,20,-5.5,45,0,0.18,1.8,0
12/25/2017,21,2,11.5,-13.9,53,0,0.01,0.1,2
12/26/2017,5,-3,1,-24.2,64,0,0,0,1
12/27/2017,7,-4,1.5,-23.5,63,0,0,0,1
12/28/2017,15,0,7.5,-17.4,57,0,0.03,0.6,1
12/29/2017,15,9,12,-12.8,53,0,0.08,0.8,2
12/30/2017,15,-1,7,-17.6,58,0,T,T,2
12/31/2017,13,-1,6,-18.5,59,0,0,0,2
1/1/2018,1,-9,-4,-28.4,69,0,0,0,1
1/2/2018,8,-9,-0.5,-24.8,65,0,0,0,1
1/3/2018,17,6,11.5,-12.7,53,0,T,0.1,1
1/4/2018,12,0,6,-18.1,59,0,0,0,1
1/5/2018,11,-1,5,-19,60,0,0,0,1
1/6/2018,17,-2,7.5,-16.4,57,0,0,0,1
1/7/2018,33,8,20.5,-3.4,44,0,0.03,T,1
1/8/2018,37,31,34,10.2,31,0,T,0,1
1/9/2018,36,26,31,7.3,34,0,0,0,0
1/10/2018,56,30,43,19.3,22,0,0.01,0,0
1/11/2018,59,23,41,17.4,24,0,0.36,0,0
1/12/2018,23,14,18.5,-5.1,46,0,T,T,0
1/13/2018,16,6,11,-12.5,54,0,0,0,0
1/14/2018,21,5,13,-10.5,52,0,0.08,0.8,0
1/15/2018,24,10,17,-6.5,48,0,0.14,2.3,2
1/16/2018,26,9,17.5,-6,47,0,0.01,0.6,3
1/17/2018,20,4,12,-11.4,53,0,0,0,3
1/18/2018,32,16,24,0.6,41,0,0,0,2
1/19/2018,40,28,34,10.6,31,0,0,0,2
1/20/2018,45,32,38.5,15.1,26,0,0,0,0
1/21/2018,44,36,40,16.5,25,0,T,0,0
1/22/2018,54,38,46,22.5,19,0,0.81,0,0
1/23/2018,39,28,33.5,10,31,0,0.07,0.5,0
1/24/2018,30,27,28.5,4.9,36,0,0.02,0.3,1
1/25/2018,43,24,33.5,9.9,31,0,0,0,1
1/26/2018,51,33,42,18.3,23,0,0,0,0
1/27/2018,50,36,43,19.2,22,0,0,0,0
1/28/2018,40,28,34,10.1,31,0,0.01,T,0
1/29/2018,30,17,23.5,-0.5,41,0,T,T,0
1/30/2018,31,15,23,-1.1,42,0,0,0,0
1/31/2018,42,31,36.5,12.3,28,0,0,0,0
2/1/2018,35,8,21.5,-2.8,43,0,0,0,0
2/2/2018,22,5,13.5,-11,51,0,0,0,0
2/3/2018,41,22,31.5,6.8,33,0,0.03,0.8,0
2/4/2018,35,4,19.5,-5.3,45,0,0.08,1.1,1
2/5/2018,12,-3,4.5,-20.5,60,0,0.22,2.2,2
2/6/2018,21,3,12,-13.2,53,0,0.02,0.2,4
2/7/2018,20,8,14,-11.4,51,0,0.11,1.7,4
2/8/2018,21,7,14,-11.7,51,0,0.15,1.6,4
2/9/2018,28,18,23,-2.9,42,0,0.57,6.2,8
2/10/2018,22,14,18,-8.2,47,0,0.05,0.8,10
2/11/2018,22,11,16.5,-9.9,48,0,0.39,3.7,12
2/12/2018,27,4,15.5,-11.2,49,0,0,0,12
2/13/2018,35,7,21,-6,44,0,0,0,11
2/14/2018,44,24,34,6.7,31,0,T,0,10
2/15/2018,48,38,43,15.4,22,0,T,0,4
2/16/2018,37,20,28.5,0.6,36,0,0,0,0
2/17/2018,35,17,26,-2.2,39,0,0.11,2,0
2/18/2018,41,12,26.5,-2,38,0,0.02,0,2
2/19/2018,60,37,48.5,19.7,16,0,0.52,0,0
2/20/2018,66,34,50,20.8,15,0,2.1,0,0
2/21/2018,34,27,30.5,1,34,0,0.04,T,0
2/22/2018,40,29,34.5,4.6,30,0,0,0,0
2/23/2018,44,33,38.5,8.3,26,0,0.06,0,0
2/24/2018,50,33,41.5,10.9,23,0,0.16,0,0
2/25/2018,50,34,42,11,23,0,0.01,0,0
2/26/2018,53,28,40.5,9.2,24,0,0,0,0
2/27/2018,62,39,50.5,18.8,14,0,0,0,0
2/28/2018,59,37,48,15.9,17,0,0,0,0
3/1/2018,46,34,40,7.6,25,0,0.81,0,0
3/2/2018,48,30,39,6.2,26,0,0,0,0
3/3/2018,43,33,38,4.8,27,0,0,0,0
3/4/2018,46,32,39,5.4,26,0,0,0,0
3/5/2018,40,33,36.5,2.6,28,0,0.11,0.4,0
3/6/2018,41,31,36,1.7,29,0,0.07,T,0
3/7/2018,34,25,29.5,-5.2,35,0,T,T,0
3/8/2018,34,24,29,-6.1,36,0,0,0,0
3/9/2018,41,23,32,-3.4,33,0,0,0,0
3/10/2018,41,23,32,-3.8,33,0,0,0,0
3/11/2018,40,28,34,-2.2,31,0,0,0,0
3/12/2018,46,30,38,1.5,27,0,T,T,0
3/13/2018,35,19,27,-9.9,38,0,0.22,2.2,0
3/14/2018,48,22,35,-2.2,30,0,0,0,1
3/15/2018,50,28,39,1.4,26,0,0,0,0
3/16/2018,38,29,33.5,-4.4,31,0,0,0,0
3/17/2018,46,30,38,-0.3,27,0,T,T,0
3/18/2018,57,27,42,3.3,23,0,0,0,0
3/19/2018,46,33,39.5,0.5,25,0,0,0,0
3/20/2018,37,29,33,-6.4,32,0,0,0,0
3/21/2018,40,25,32.5,-7.2,32,0,0,0,0
3/22/2018,50,22,36,-4.1,29,0,0,0,0
3/23/2018,43,25,34,-6.4,31,0,0,0,0
3/24/2018,40,32,36,-4.8,29,0,0,0,0
3/25/2018,41,27,34,-7.1,31,0,0,0,0
3/26/2018,53,31,42,0.5,23,0,0.23,0,0
3/27/2018,51,39,45,3.2,20,0,0.15,0,0
3/28/2018,54,39,46.5,4.3,18,0,0.01,0,0
3/29/2018,50,35,42.5,0,22,0,0.05,0,0
3/30/2018,49,33,41,-1.9,24,0,0,0,0
3/31/2018,58,32,45,1.8,20,0,0.09,0,0
4/1/2018,35,24,29.5,-14.1,35,0,0,0,0
4/2/2018,44,21,32.5,-11.4,32,0,0,0,0
4/3/2018,40,34,37,-7.3,28,0,0.2,T,0
4/4/2018,35,26,30.5,-14.2,34,0,0.01,0.2,0
4/5/2018,42,23,32.5,-12.5,32,0,0.07,T,0
4/6/2018,38,25,31.5,-13.9,33,0,0,0,0
4/7/2018,39,20,29.5,-16.3,35,0,0,0,0
4/8/2018,39,21,30,-16.1,35,0,0.01,T,0
4/9/2018,39,30,34.5,-12,30,0,0.13,2,1
4/10/2018,46,28,37,-9.9,28,0,T,0,0
4/11/2018,66,39,52.5,5.3,12,0,0.05,0,0
4/12/2018,73,42,57.5,9.9,7,0,0.03,0,0
4/13/2018,47,39,43,-5,22,0,0.07,0,0
4/14/2018,39,36,37.5,-10.9,27,0,0.96,0,0
4/15/2018,37,28,32.5,-16.2,32,0,0.74,0.2,0
4/16/2018,35,27,31,-18.1,34,0,0.01,0.3,0
4/17/2018,43,29,36,-13.5,29,0,0,0,0
4/18/2018,37,30,33.5,-16.4,31,0,0.41,0.4,0
4/19/2018,55,31,43,-7.2,22,0,0.01,0.1,0
4/20/2018,61,31,46,-4.6,19,0,0,0,0
4/21/2018,55,39,47,-4,18,0,0,0,0
4/22/2018,62,42,52,0.7,13,0,0,0,0
4/23/2018,63,43,53,1.3,12,0,T,0,0
4/24/2018,65,48,56.5,4.5,8,0,T,0,0
4/25/2018,53,38,45.5,-6.9,19,0,0,0,0
4/26/2018,66,36,51,-1.8,14,0,0,0,0
4/27/2018,58,39,48.5,-4.6,16,0,0.02,0,0
4/28/2018,50,33,41.5,-12,23,0,0,0,0
4/29/2018,59,31,45,-8.8,20,0,0,0,0
4/30/2018,80,40,60,5.9,5,0,0,0,0
5/1/2018,86,60,73,18.5,0,8,0,0,0
5/2/2018,86,63,74.5,19.7,0,10,1.32,0,0
5/3/2018,70,54,62,6.9,3,0,0.57,0,0
5/4/2018,74,61,67.5,12,0,3,0,0,0
5/5/2018,82,57,69.5,13.7,0,5,0,0,0
5/6/2018,68,50,59,2.9,6,0,T,0,0
5/7/2018,75,46,60.5,4.1,4,0,0,0,0
5/8/2018,81,57,69,12.3,0,4,0,0,0
5/9/2018,81,57,69,12,0,4,0.25,0,0
5/10/2018,73,50,61.5,4.2,3,0,0,0,0
5/11/2018,52,45,48.5,-9.2,16,0,0.04,0,0
5/12/2018,50,44,47,-11,18,0,0.33,0,0
5/13/2018,67,45,56,-2.3,9,0,0.91,0,0
5/14/2018,83,53,68,9.4,0,3,1.54,0,0
5/15/2018,71,51,61,2.1,4,0,0,0,0
5/16/2018,79,47,63,3.8,2,0,0,0,0
5/17/2018,69,52,60.5,1.1,4,0,0,0,0
5/18/2018,65,52,58.5,-1.2,6,0,0.1,0,0
5/19/2018,69,54,61.5,1.5,3,0,0.02,0,0
5/20/2018,55,44,49.5,-10.8,15,0,0.27,0,0
5/21/2018,64,49,56.5,-4.1,8,0,1.96,0,0
5/22/2018,67,54,60.5,-0.5,4,0,T,0,0
5/23/2018,80,52,66,4.7,0,1,0,0,0
5/24/2018,87,58,72.5,10.9,0,8,0,0,0
5/25/2018,89,67,78,16.1,0,13,0,0,0
5/26/2018,90,70,80,17.8,0,15,0,0,0
5/27/2018,97,70,83.5,21,0,19,0,0,0
5/28/2018,95,70,82.5,19.7,0,18,0,0,0
5/29/2018,87,66,76.5,13.3,0,12,0,0,0
5/30/2018,86,67,76.5,13,0,12,0.9,0,0
5/31/2018,89,69,79,15.2,0,14,0,0,0
6/1/2018,76,53,64.5,0.4,0,0,0,0,0
6/2/2018,70,52,61,-3.5,4,0,0.31,0,0
6/3/2018,78,60,69,4.2,0,4,0,0,0
6/4/2018,80,55,67.5,2.3,0,3,0,0,0
6/5/2018,72,54,63,-2.5,2,0,0.01,0,0
6/6/2018,79,48,63.5,-2.3,1,0,0.1,0,0
6/7/2018,81,60,70.5,4.3,0,6,0,0,0
6/8/2018,73,59,66,-0.5,0,1,T,0,0
6/9/2018,82,57,69.5,2.6,0,5,1.31,0,0
6/10/2018,71,60,65.5,-1.7,0,1,1.34,0,0
6/11/2018,70,61,65.5,-2.1,0,1,0.1,0,0
6/12/2018,80,62,71,3.1,0,6,T,0,0
6/13/2018,81,64,72.5,4.2,0,8,0,0,0
6/14/2018,81,64,72.5,3.9,0,8,0,0,0
6/15/2018,89,64,76.5,7.6,0,12,0,0,0
6/16/2018,92,69,80.5,11.2,0,16,0.65,0,0
6/17/2018,93,78,85.5,15.9,0,21,T,0,0
6/18/2018,95,66,80.5,10.6,0,16,0.36,0,0
6/19/2018,81,63,72,1.8,0,7,0.02,0,0
6/20/2018,77,65,71,0.5,0,6,T,0,0
6/21/2018,67,62,64.5,-6.3,0,0,1.41,0,0
6/22/2018,64,59,61.5,-9.6,3,0,1.23,0,0
6/23/2018,81,62,71.5,0.1,0,7,T,0,0
6/24/2018,80,64,72,0.4,0,7,0,0,0
6/25/2018,78,61,69.5,-2.4,0,5,0,0,0
6/26/2018,84,66,75,2.9,0,10,0.76,0,0
6/27/2018,80,69,74.5,2.1,0,10,0.03,0,0
6/28/2018,88,68,78,5.4,0,13,0,0,0
6/29/2018,96,73,84.5,11.7,0,20,0,0,0
6/30/2018,94,80,87,14,0,22,0,0,0
7/1/2018,94,76,85,11.8,0,20,0.24,0,0
7/2/2018,85,69,77,3.7,0,12,0,0,0
7/3/2018,89,63,76,2.5,0,11,0,0,0
7/4/2018,93,76,84.5,10.9,0,20,0.01,0,0
7/5/2018,92,74,83,9.3,0,18,0.02,0,0
7/6/2018,75,64,69.5,-4.3,0,5,0,0,0
7/7/2018,82,59,70.5,-3.4,0,6,0,0,0
7/8/2018,88,63,75.5,1.5,0,11,0,0,0
7/9/2018,91,67,79,4.9,0,14,0,0,0
7/10/2018,87,71,79,4.8,0,14,0,0,0
7/11/2018,87,67,77,2.8,0,12,0,0,0
7/12/2018,87,70,78.5,4.2,0,14,0,0,0
7/13/2018,95,72,83.5,9.2,0,19,0,0,0
7/14/2018,82,72,77,2.7,0,12,0.26,0,0
7/15/2018,91,72,81.5,7.2,0,17,T,0,0
7/16/2018,93,72,82.5,8.2,0,18,0.08,0,0
7/17/2018,81,68,74.5,0.2,0,10,0,0,0
7/18/2018,80,63,71.5,-2.8,0,7,0,0,0
7/19/2018,87,67,77,2.7,0,12,0.03,0,0
7/20/2018,78,70,74,-0.2,0,9,0.15,0,0
7/21/2018,79,69,74,-0.2,0,9,0.12,0,0
7/22/2018,76,67,71.5,-2.7,0,7,0.13,0,0
7/23/2018,82,65,73.5,-0.6,0,9,0,0,0
7/24/2018,88,66,77,2.9,0,12,0,0,0
7/25/2018,90,67,78.5,4.5,0,14,0,0,0
7/26/2018,81,66,73.5,-0.5,0,9,0.03,0,0
7/27/2018,79,62,70.5,-3.4,0,6,0,0,0
7/28/2018,82,61,71.5,-2.4,0,7,0,0,0
7/29/2018,83,62,72.5,-1.3,0,8,0.07,0,0
7/30/2018,82,62,72,-1.8,0,7,0,0,0
7/31/2018,80,66,73,-0.7,0,8,0,0,0
8/1/2018,85,63,74,0.3,0,9,T,0,0
8/2/2018,85,70,77.5,3.9,0,13,0,0,0
8/3/2018,89,67,78,4.5,0,13,0,0,0
8/4/2018,97,71,84,10.5,0,19,0,0,0
8/5/2018,94,75,84.5,11.1,0,20,T,0,0
8/6/2018,81,69,75,1.6,0,10,0.34,0,0
8/7/2018,83,69,76,2.7,0,11,2.36,0,0
8/8/2018,85,69,77,3.8,0,12,0,0,0
8/9/2018,89,69,79,5.8,0,14,0.43,0,0
8/10/2018,83,70,76.5,3.4,0,12,0,0,0
8/11/2018,88,68,78,5,0,13,0,0,0
8/12/2018,87,70,78.5,5.5,0,14,0,0,0
8/13/2018,89,66,77.5,4.6,0,13,0,0,0
8/14/2018,87,71,79,6.2,0,14,0,0,0
8/15/2018,85,73,79,6.3,0,14,0.01,0,0
8/16/2018,86,69,77.5,4.8,0,13,0.5,0,0
8/17/2018,85,68,76.5,3.9,0,12,0.11,0,0
8/18/2018,80,70,75,2.5,0,10,0,0,0
8/19/2018,86,68,77,4.7,0,12,0,0,0
8/20/2018,79,69,74,1.8,0,9,0.82,0,0
8/21/2018,78,66,72,-0.1,0,7,0.13,0,0
8/22/2018,79,58,68.5,-3.5,0,4,0,0,0
8/23/2018,80,60,70,-1.8,0,5,0,0,0
8/24/2018,72,63,67.5,-4.2,0,3,0.04,0,0
8/25/2018,86,66,76,4.5,0,11,0.06,0,0
8/26/2018,93,72,82.5,11.2,0,18,T,0,0
8/27/2018,93,78,85.5,14.4,0,21,0,0,0
8/28/2018,91,67,79,8.1,0,14,1.39,0,0
8/29/2018,76,65,70.5,-0.2,0,6,0.42,0,0
8/30/2018,73,61,67,-3.5,0,2,0,0,0
8/31/2018,85,60,72.5,2.3,0,8,T,0,0
9/1/2018,86,72,79,9,0,14,0.16,0,0
9/2/2018,91,70,80.5,10.8,0,16,0.02,0,0
9/3/2018,88,70,79,9.6,0,14,1.79,0,0
9/4/2018,92,71,81.5,12.4,0,17,0,0,0
9/5/2018,91,69,80,11.2,0,15,0.24,0,0
9/6/2018,69,64,66.5,-1.9,0,2,0.53,0,0
9/7/2018,69,63,66,-2.1,0,1,0.3,0,0
9/8/2018,69,63,66,-1.8,0,1,0,0,0
9/9/2018,68,60,64,-3.4,1,0,0,0,0
9/10/2018,74,56,65,-2,0,0,0,0,0
9/11/2018,79,57,68,1.4,0,3,0,0,0
9/12/2018,82,61,71.5,5.3,0,7,0,0,0
9/13/2018,78,60,69,3.2,0,4,0,0,0
9/14/2018,87,64,75.5,10.1,0,11,0,0,0
9/15/2018,82,64,73,8,0,8,0,0,0
9/16/2018,89,66,77.5,12.9,0,13,0,0,0
9/17/2018,91,69,80,15.9,0,15,0,0,0
9/18/2018,75,66,70.5,6.8,0,6,T,0,0
9/19/2018,76,66,71,7.8,0,6,0.21,0,0
9/20/2018,93,66,79.5,16.7,0,15,0,0,0
9/21/2018,83,56,69.5,7.2,0,5,0,0,0
9/22/2018,64,51,57.5,-4.4,7,0,0,0,0
9/23/2018,71,50,60.5,-0.9,4,0,0,0,0
9/24/2018,74,57,65.5,4.5,0,1,T,0,0
9/25/2018,84,61,72.5,11.9,0,8,0.25,0,0
9/26/2018,67,50,58.5,-1.6,6,0,0,0,0
9/27/2018,70,48,59,-0.7,6,0,0,0,0
9/28/2018,60,46,53,-6.2,12,0,0.07,0,0
9/29/2018,61,42,51.5,-7.3,13,0,0.02,0,0
9/30/2018,62,53,57.5,-0.9,7,0,0.06,0,0
10/1/2018,72,57,64.5,6.5,0,0,1.56,0,0
10/2/2018,67,58,62.5,4.9,2,0,0.01,0,0
10/3/2018,88,59,73.5,16.3,0,9,T,0,0
10/4/2018,77,52,64.5,7.7,0,0,0.04,0,0
10/5/2018,65,54,59.5,3.1,5,0,1.24,0,0
10/6/2018,70,57,63.5,7.5,1,0,0.12,0,0
10/7/2018,63,57,60,4.4,5,0,0.52,0,0
10/8/2018,85,63,74,18.8,0,9,0.15,0,0
10/9/2018,85,70,77.5,22.6,0,13,0.01,0,0
10/10/2018,75,51,63,8.5,2,0,0.35,0,0
10/11/2018,51,40,45.5,-8.7,19,0,0,0,0
10/12/2018,42,36,39,-14.8,26,0,T,0,0
10/13/2018,53,32,42.5,-11,22,0,0,0,0
10/14/2018,54,38,46,-7.1,19,0,0.07,0,0
10/15/2018,48,37,42.5,-10.3,22,0,0.1,0,0
10/16/2018,59,34,46.5,-6,18,0,0,0,0
10/17/2018,51,38,44.5,-7.6,20,0,0,0,0
10/18/2018,58,34,46,-5.8,19,0,0,0,0
10/19/2018,54,46,50,-1.5,15,0,0.03,0,0
10/20/2018,51,31,41,-10.2,24,0,T,T,0
10/21/2018,51,28,39.5,-11.3,25,0,0,0,0
10/22/2018,64,38,51,0.5,14,0,0,0,0
10/23/2018,54,38,46,-4.2,19,0,0,0,0
10/24/2018,52,37,44.5,-5.3,20,0,0,0,0
10/25/2018,53,37,45,-4.5,20,0,0,0,0
10/26/2018,53,46,49.5,0.3,15,0,0,0,0
10/27/2018,54,43,48.5,-0.3,16,0,T,0,0
10/28/2018,51,44,47.5,-1,17,0,0.12,0,0
10/29/2018,56,40,48,-0.1,17,0,0,0,0
10/30/2018,64,45,54.5,6.8,10,0,0.3,0,0
10/31/2018,61,47,54,6.6,11,0,0.17,0,0
11/1/2018,52,43,47.5,0.5,17,0,0,0,0
11/2/2018,50,37,43.5,-3.1,21,0,0,0,0
11/3/2018,50,34,42,-4.2,23,0,0.06,0,0
11/4/2018,52,46,49,3.2,16,0,0.54,0,0
11/5/2018,51,44,47.5,2.1,17,0,0.37,0,0
11/6/2018,50,38,44,-0.9,21,0,0.06,0,0
11/7/2018,39,33,36,-8.5,29,0,0,0,0
11/8/2018,41,33,37,-7,28,0,0,0,0
11/9/2018,37,20,28.5,-15.1,36,0,0.13,1,0
11/10/2018,33,20,26.5,-16.6,38,0,0,0,0
11/11/2018,41,28,34.5,-8.1,30,0,0,0,0
11/12/2018,34,24,29,-13.2,36,0,0,0,0
11/13/2018,29,19,24,-17.7,41,0,0,0,0
11/14/2018,36,17,26.5,-14.7,38,0,0,0,0
11/15/2018,35,26,30.5,-10.2,34,0,0.09,1.1,0
11/16/2018,41,29,35,-5.2,30,0,T,T,0
11/17/2018,35,32,33.5,-6.2,31,0,0.13,1.5,0
11/18/2018,38,25,31.5,-7.7,33,0,T,T,0
11/19/2018,34,23,28.5,-10.2,36,0,T,T,0
11/20/2018,35,29,32,-6.1,33,0,T,T,0
11/21/2018,36,30,33,-4.6,32,0,0,0,0
11/22/2018,40,31,35.5,-1.6,29,0,0,0,0
11/23/2018,51,34,42.5,5.9,22,0,0.04,0,0
11/24/2018,47,40,43.5,7.4,21,0,0.18,0,0
11/25/2018,40,33,36.5,0.9,28,0,1.2,3.3,0
11/26/2018,33,24,28.5,-6.6,36,0,0.39,5.1,7
11/27/2018,25,19,22,-12.6,43,0,T,T,6
11/28/2018,27,17,22,-12.1,43,0,0.05,0.7,5
11/29/2018,38,27,32.5,-1.1,32,0,T,T,5
11/30/2018,42,28,35,1.8,30,0,T,0,5
12/1/2018,42,36,39,6.3,26,0,1.13,0,3
12/2/2018,44,35,39.5,7.2,25,0,0.1,T,0
12/3/2018,35,29,32,0.2,33,0,0.01,0.3,0
12/4/2018,32,28,30,-1.4,35,0,T,T,0
12/5/2018,33,25,29,-2,36,0,T,T,0
12/6/2018,33,19,26,-4.6,39,0,0,0,0
12/7/2018,25,16,20.5,-9.7,44,0,0,0,0
12/8/2018,32,20,26,-3.8,39,0,0,0,0
12/9/2018,35,17,26,-3.4,39,0,0,0,0
12/10/2018,34,16,25,-4.1,40,0,0,0,0
12/11/2018,38,25,31.5,2.8,33,0,0,0,0
12/12/2018,41,29,35,6.6,30,0,T,T,0
12/13/2018,46,24,35,6.9,30,0,0.15,0,0
12/14/2018,40,32,36,8.2,29,0,0.13,0,0
12/15/2018,46,26,36,8.5,29,0,0,0,0
12/16/2018,49,25,37,9.7,28,0,0,0,0
12/17/2018,42,28,35,8,30,0,0,0,0
12/18/2018,42,25,33.5,6.8,31,0,0,0,0
12/19/2018,49,33,41,14.5,24,0,0,0,0
12/20/2018,46,38,42,15.7,23,0,0.1,0,0
12/21/2018,38,29,33.5,7.4,31,0,0.05,T,0
12/22/2018,34,28,31,5.1,34,0,T,T,0
12/23/2018,38,28,33,7.3,32,0,0,0,0
12/24/2018,33,23,28,2.5,37,0,0,0,0
12/25/2018,45,28,36.5,11.1,28,0,0,0,0
12/26/2018,47,26,36.5,11.3,28,0,0,0,0
12/27/2018,53,39,46,21,19,0,0.66,0,0
12/28/2018,53,30,41.5,16.6,23,0,0.08,0.2,0
12/29/2018,30,22,26,1.2,39,0,0.05,0.9,0
12/30/2018,36,19,27.5,2.9,37,0,0,0,0
12/31/2018,39,31,35,10.5,30,0,0.86,T,0
1/1/2019,34,26,30,5.6,35,0,0.01,0.1,0
1/2/2019,30,26,28,3.7,37,0,0.01,0.1,0
1/3/2019,38,24,31,6.8,34,0,0,0,0
1/4/2019,48,31,39.5,15.4,25,0,0,0,0
1/5/2019,52,32,42,18,23,0,0,0,0
1/6/2019,40,30,35,11.1,30,0,0,0,0
1/7/2019,53,40,46.5,22.6,18,0,0.44,0,0
1/8/2019,45,24,34.5,10.7,30,0,T,0,0
1/9/2019,24,15,19.5,-4.2,45,0,T,T,0
1/10/2019,24,14,19,-4.7,46,0,0,0,0
1/11/2019,30,17,23.5,-0.1,41,0,0,0,0
1/12/2019,32,29,30.5,6.9,34,0,0.12,2.2,0
1/13/2019,31,25,28,4.5,37,0,0.01,0.3,2
1/14/2019,27,23,25,1.5,40,0,T,T,2
1/15/2019,32,24,28,4.5,37,0,T,0,1
1/16/2019,34,28,31,7.5,34,0,T,0,1
1/17/2019,35,28,31.5,8.1,33,0,T,T,0
1/18/2019,31,27,29,5.6,36,0,0.12,1.3,0
1/19/2019,28,11,19.5,-3.9,45,0,0.18,3.7,4
1/20/2019,14,4,9,-14.4,56,0,T,T,5
1/21/2019,17,3,10,-13.5,55,0,T,0.1,5
1/22/2019,33,13,23,-0.5,42,0,0.18,0.5,5
1/23/2019,34,19,26.5,3,38,0,0.22,1,4
1/24/2019,22,2,12,-11.6,53,0,T,0.4,5
1/25/2019,5,-6,-0.5,-24.1,65,0,0.03,0.7,5
1/26/2019,12,-7,2.5,-21.2,62,0,0.06,1.7,7
1/27/2019,11,-5,3,-20.8,62,0,T,T,7
1/28/2019,34,8,21,-2.9,44,0,0.53,5,9
1/29/2019,10,-10,0,-24,65,0,T,0.3,10
1/30/2019,-10,-23,-16.5,-40.6,81,0,T,T,8
1/31/2019,1,-21,-10,-34.2,75,0,0.05,0.8,8
2/1/2019,21,1,11,-13.3,54,0,0.02,0.9,9
2/2/2019,42,14,28,3.5,37,0,T,0,9
2/3/2019,48,39,43.5,18.8,21,0,T,0,4
2/4/2019,51,30,40.5,15.7,24,0,0.05,0,0
2/5/2019,33,24,28.5,3.5,36,0,0.31,0,0
2/6/2019,36,32,34,8.8,31,0,0.01,0,0
2/7/2019,44,10,27,1.6,38,0,0.71,T,0
2/8/2019,13,4,8.5,-17.2,56,0,T,T,0
2/9/2019,24,4,14,-11.9,51,0,T,T,0
2/10/2019,28,22,25,-1.2,40,0,0.04,0.7,0
2/11/2019,31,27,29,2.6,36,0,0.19,0.1,1
2/12/2019,34,19,26.5,-0.2,38,0,0.35,1.5,1
2/13/2019,27,10,18.5,-8.5,46,0,0.01,0.6,2
2/14/2019,50,27,38.5,11.2,26,0,T,0,1
2/15/2019,32,8,20,-7.6,45,0,0,0,0
2/16/2019,29,13,21,-6.9,44,0,T,T,0
2/17/2019,27,24,25.5,-2.7,39,0,0.2,3.1,0
2/18/2019,31,18,24.5,-4,40,0,0.06,1.8,4
2/19/2019,35,12,23.5,-5.3,41,0,0,0,3
2/20/2019,38,28,33,3.8,32,0,0.09,0.2,2
2/21/2019,35,24,29.5,0,35,0,0,0,1
2/22/2019,41,19,30,0.1,35,0,0,0,0
2/23/2019,53,34,43.5,13.3,21,0,0.75,0,0
2/24/2019,50,10,30,-0.6,35,0,0.02,T,0
2/25/2019,19,6,12.5,-18.5,52,0,0,0,0
2/26/2019,23,13,18,-13.3,47,0,T,0.1,0
2/27/2019,30,14,22,-9.7,43,0,T,T,0
2/28/2019,27,11,19,-13.1,46,0,0,0,0
3/1/2019,34,23,28.5,-3.9,36,0,T,T,0
3/2/2019,33,25,29,-3.8,36,0,T,T,0
3/3/2019,25,3,14,-19.2,51,0,0,0,0
3/4/2019,12,-3,4.5,-29.1,60,0,T,T,0
3/5/2019,21,8,14.5,-19.4,50,0,T,0.2,0
3/6/2019,30,9,19.5,-14.8,45,0,0,0,0
3/7/2019,28,14,21,-13.7,44,0,0,0,0
3/8/2019,39,21,30,-5.1,35,0,T,0.1,0
3/9/2019,43,26,34.5,-0.9,30,0,0.56,0,0
3/10/2019,38,29,33.5,-2.3,31,0,T,0,0
3/11/2019,41,27,34,-2.2,31,0,0,0,0
3/12/2019,49,24,36.5,0,28,0,0,0,0
3/13/2019,58,40,49,12.1,16,0,0.54,0,0
3/14/2019,62,39,50.5,13.3,14,0,0.4,0,0
3/15/2019,40,32,36,-1.6,29,0,T,T,0
3/16/2019,41,28,34.5,-3.4,30,0,0,0,0
3/17/2019,43,28,35.5,-2.8,29,0,0,0,0
3/18/2019,43,27,35,-3.7,30,0,0,0,0
3/19/2019,49,30,39.5,0.5,25,0,0,0,0
3/20/2019,44,38,41,1.6,24,0,0.14,0,0
3/21/2019,45,36,40.5,0.8,24,0,T,0,0
3/22/2019,46,29,37.5,-2.6,27,0,0,0,0
3/23/2019,53,25,39,-1.4,26,0,0,0,0
3/24/2019,50,34,42,1.2,23,0,0.05,0,0
3/25/2019,42,26,34,-7.1,31,0,0,0,0
3/26/2019,48,23,35.5,-6,29,0,0,0,0
3/27/2019,59,29,44,2.2,21,0,0.01,0,0
3/28/2019,65,44,54.5,12.3,10,0,0,0,0
3/29/2019,57,37,47,4.5,18,0,0.32,0,0
3/30/2019,45,29,37,-5.9,28,0,0.07,T,0
3/31/2019,40,23,31.5,-11.7,33,0,0,0,0
4/1/2019,49,26,37.5,-6.1,27,0,0,0,0
4/2/2019,55,39,47,3.1,18,0,T,0,0
4/3/2019,58,37,47.5,3.2,17,0,T,0,0
4/4/2019,47,39,43,-1.7,22,0,0.25,0,0
4/5/2019,57,39,48,3,17,0,T,0,0
4/6/2019,66,39,52.5,7.1,12,0,0,0,0
4/7/2019,67,51,59,13.2,6,0,0.39,0,0
4/8/2019,73,52,62.5,16.4,2,0,0,0,0
4/9/2019,66,39,52.5,6,12,0,0,0,0
4/10/2019,39,34,36.5,-10.4,28,0,0.13,T,0
4/11/2019,56,37,46.5,-0.7,18,0,0.28,0,0
4/12/2019,51,38,44.5,-3.1,20,0,0.07,0,0
4/13/2019,52,35,43.5,-4.5,21,0,0,0,0
4/14/2019,39,32,35.5,-12.9,29,0,0.69,5.4,0
4/15/2019,52,31,41.5,-7.2,23,0,0,0,3
4/16/2019,73,45,59,9.9,6,0,0,0,0
4/17/2019,77,44,60.5,11,4,0,0,0,0
4/18/2019,65,44,54.5,4.6,10,0,0.31,0,0
4/19/2019,51,41,46,-4.2,19,0,0,0,0
4/20/2019,64,36,50,-0.6,15,0,0,0,0
4/21/2019,77,44,60.5,9.5,4,0,0,0,0
4/22/2019,80,58,69,17.7,0,4,0.02,0,0
4/23/2019,65,49,57,5.3,8,0,T,0,0
4/24/2019,64,42,53,1,12,0,T,0,0
4/25/2019,67,46,56.5,4.1,8,0,0.19,0,0
4/26/2019,63,49,56,3.2,9,0,0.02,0,0
4/27/2019,49,32,40.5,-12.6,24,0,0.79,2.5,0
4/28/2019,52,31,41.5,-12,23,0,0,0,0
4/29/2019,51,43,47,-6.8,18,0,1.58,0,0
4/30/2019,47,38,42.5,-11.6,22,0,1.3,0,0
5/1/2019,58,43,50.5,-4,14,0,0.8,0,0
5/2/2019,47,41,44,-10.8,21,0,0.61,0,0
5/3/2019,55,40,47.5,-7.6,17,0,0.01,0,0
5/4/2019,63,38,50.5,-5,14,0,0,0,0
5/5/2019,73,46,59.5,3.7,5,0,0,0,0
5/6/2019,70,45,57.5,1.4,7,0,0.05,0,0
5/7/2019,50,43,46.5,-9.9,18,0,0.42,0,0
5/8/2019,68,46,57,0.3,8,0,0.32,0,0
5/9/2019,67,46,56.5,-0.5,8,0,0.79,0,0
5/10/2019,58,44,51,-6.3,14,0,0,0,0
5/11/2019,53,44,48.5,-9.2,16,0,0.12,0,0
5/12/2019,52,42,47,-11,18,0,0.05,0,0
5/13/2019,61,42,51.5,-6.8,13,0,0,0,0
5/14/2019,71,41,56,-2.6,9,0,0,0,0
5/15/2019,75,50,62.5,3.6,2,0,0,0,0
5/16/2019,77,60,68.5,9.3,0,4,0.44,T,0
5/17/2019,68,45,56.5,-2.9,8,0,0.06,0,0
5/18/2019,80,44,62,2.3,3,0,0.41,0,0
5/19/2019,74,47,60.5,0.5,4,0,0.07,0,0
5/20/2019,57,45,51,-9.3,14,0,T,0,0
5/21/2019,54,45,49.5,-11.1,15,0,0.33,0,0
5/22/2019,82,49,65.5,4.5,0,1,0.59,0,0
5/23/2019,74,61,67.5,6.2,0,3,0.08,0,0
5/24/2019,75,54,64.5,2.9,0,0,0.26,0,0
5/25/2019,81,70,75.5,13.6,0,11,0,0,0
5/26/2019,74,54,64,1.8,1,0,T,0,0
5/27/2019,73,53,63,0.5,2,0,1.92,0,0
5/28/2019,70,52,61,-1.8,4,0,0.63,0,0
5/29/2019,75,52,63.5,0.3,1,0,0.07,0,0
5/30/2019,78,60,69,5.5,0,4,0.22,0,0
5/31/2019,81,60,70.5,6.7,0,6,0,0,0
6/1/2019,80,53,66.5,2.4,0,2,T,0,0
6/2/2019,70,51,60.5,-4,4,0,0,0,0
6/3/2019,67,49,58,-6.8,7,0,0,0,0
6/4/2019,82,56,69,3.8,0,4,0.29,0,0
6/5/2019,83,59,71,5.5,0,6,0.29,0,0
6/6/2019,75,56,65.5,-0.3,0,1,0,0,0
6/7/2019,78,55,66.5,0.3,0,2,0,0,0
6/8/2019,76,57,66.5,0,0,2,T,0,0
6/9/2019,75,63,69,2.1,0,4,T,0,0
6/10/2019,74,60,67,-0.2,0,2,0,0,0
6/11/2019,82,57,69.5,1.9,0,5,0,0,0
6/12/2019,71,52,61.5,-6.4,3,0,0.75,0,0
6/13/2019,68,51,59.5,-8.8,5,0,0.05,0,0
6/14/2019,80,52,66,-2.6,0,1,0.05,0,0
6/15/2019,70,54,62,-6.9,3,0,0.02,0,0
6/16/2019,60,54,57,-12.3,8,0,0.07,0,0
6/17/2019,67,55,61,-8.6,4,0,0,0,0
6/18/2019,78,54,66,-3.9,0,1,0,0,0
6/19/2019,72,56,64,-6.2,1,0,0.18,0,0
6/20/2019,71,54,62.5,-8,2,0,0.28,0,0
6/21/2019,72,52,62,-8.8,3,0,T,0,0
6/22/2019,79,58,68.5,-2.6,0,4,0,0,0
6/23/2019,81,63,72,0.6,0,7,0.38,0,0
6/24/2019,78,66,72,0.4,0,7,0.17,0,0
6/25/2019,85,62,73.5,1.6,0,9,0.14,0,0
6/26/2019,89,68,78.5,6.4,0,14,0.15,0,0
6/27/2019,89,68,78.5,6.1,0,14,0.02,0,0
6/28/2019,90,71,80.5,7.9,0,16,0.01,0,0
6/29/2019,87,69,78,5.2,0,13,0,0,0
6/30/2019,91,70,80.5,7.5,0,16,0.2,0,0
7/1/2019,89,69,79,5.8,0,14,0,0,0
7/2/2019,92,74,83,9.7,0,18,0.01,0,0
7/3/2019,86,69,77.5,4,0,13,0.41,0,0
7/4/2019,91,70,80.5,6.9,0,16,0,0,0
7/5/2019,91,73,82,8.3,0,17,0.47,0,0
7/6/2019,83,67,75,1.2,0,10,0,0,0
7/7/2019,77,64,70.5,-3.4,0,6,0,0,0
7/8/2019,83,60,71.5,-2.5,0,7,0,0,0
7/9/2019,88,61,74.5,0.4,0,10,0,0,0
7/10/2019,94,75,84.5,10.3,0,20,0.01,0,0
7/11/2019,82,65,73.5,-0.7,0,9,0,0,0
7/12/2019,87,59,73,-1.3,0,8,0,0,0
7/13/2019,94,72,83,8.7,0,18,0,0,0
7/14/2019,91,70,80.5,6.2,0,16,T,0,0
7/15/2019,92,74,83,8.7,0,18,0,0,0
7/16/2019,82,71,76.5,2.2,0,12,0.05,0,0
7/17/2019,92,74,83,8.7,0,18,0.47,0,0
7/18/2019,87,71,79,4.7,0,14,1.36,0,0
7/19/2019,93,81,87,12.7,0,22,0,0,0
7/20/2019,95,73,84,9.8,0,19,0.08,0,0
7/21/2019,79,67,73,-1.2,0,8,0.76,0,0
7/22/2019,75,62,68.5,-5.7,0,4,0,0,0
7/23/2019,80,62,71,-3.1,0,6,0,0,0
7/24/2019,81,62,71.5,-2.6,0,7,0,0,0
7/25/2019,85,63,74,0,0,9,0,0,0
7/26/2019,85,67,76,2,0,11,0,0,0
7/27/2019,89,71,80,6.1,0,15,0,0,0
7/28/2019,89,73,81,7.1,0,16,0,0,0
7/29/2019,82,70,76,2.2,0,11,0.32,0,0
7/30/2019,78,65,71.5,-2.3,0,7,0,0,0
7/31/2019,76,59,67.5,-6.2,0,3,0,0,0
8/1/2019,80,57,68.5,-5.2,0,4,0,0,0
8/2/2019,83,61,72,-1.6,0,7,0,0,0
8/3/2019,89,63,76,2.5,0,11,0,0,0
8/4/2019,89,70,79.5,6,0,15,0,0,0
8/5/2019,90,70,80,6.6,0,15,0,0,0
8/6/2019,85,67,76,2.6,0,11,0.01,0,0
8/7/2019,88,66,77,3.7,0,12,0,0,0
8/8/2019,87,67,77,3.8,0,12,0.01,0,0
8/9/2019,83,62,72.5,-0.7,0,8,0,0,0
8/10/2019,86,67,76.5,3.4,0,12,0,0,0
8/11/2019,82,67,74.5,1.5,0,10,T,0,0
8/12/2019,84,71,77.5,4.5,0,13,0.5,0,0
8/13/2019,86,67,76.5,3.6,0,12,0.19,0,0
8/14/2019,83,66,74.5,1.7,0,10,T,0,0
8/15/2019,79,63,71,-1.7,0,6,0,0,0
8/16/2019,84,64,74,1.3,0,9,0,0,0
8/17/2019,77,67,72,-0.6,0,7,0.18,0,0
8/18/2019,82,68,75,2.5,0,10,0.86,0,0
8/19/2019,85,68,76.5,4.2,0,12,T,0,0
8/20/2019,76,68,72,-0.2,0,7,0.35,0,0
8/21/2019,83,65,74,1.9,0,9,0.02,0,0
8/22/2019,76,64,70,-2,0,5,0,0,0
8/23/2019,74,58,66,-5.8,0,1,0,0,0
8/24/2019,75,60,67.5,-4.2,0,3,0,0,0
8/25/2019,78,61,69.5,-2,0,5,T,0,0
8/26/2019,76,64,70,-1.3,0,5,1.4,0,0
8/27/2019,79,65,72,0.9,0,7,0,0,0
8/28/2019,75,59,67,-3.9,0,2,0,0,0
8/29/2019,84,58,71,0.3,0,6,0,0,0
8/30/2019,74,59,66.5,-4,0,2,0,0,0
8/31/2019,75,61,68,-2.2,0,3,0.11,0,0
9/1/2019,73,62,67.5,-2.5,0,3,0.34,0,0
9/2/2019,82,61,71.5,1.8,0,7,0,0,0
9/3/2019,80,67,73.5,4.1,0,9,0.22,0,0
9/4/2019,69,59,64,-5.1,1,0,0,0,0
9/5/2019,74,56,65,-3.8,0,0,0,0,0
9/6/2019,72,61,66.5,-1.9,0,2,0,0,0
9/7/2019,78,56,67,-1.1,0,2,0,0,0
9/8/2019,66,62,64,-3.8,1,0,0.03,0,0
9/9/2019,76,62,69,1.6,0,4,0.02,0,0
9/10/2019,90,71,80.5,13.5,0,16,0,0,0
9/11/2019,89,68,78.5,11.9,0,14,0.19,0,0
9/12/2019,78,63,70.5,4.3,0,6,0.28,0,0
9/13/2019,77,62,69.5,3.7,0,5,1.35,0,0
9/14/2019,80,56,68,2.6,0,3,0.06,0,0
9/15/2019,78,63,70.5,5.5,0,6,0.43,0,0
9/16/2019,74,64,69,4.4,0,4,0,0,0
9/17/2019,78,65,71.5,7.4,0,7,0,0,0
9/18/2019,82,62,72,8.3,0,7,0,0,0
9/19/2019,83,63,73,9.8,0,8,0.01,0,0
9/20/2019,84,68,76,13.2,0,11,0,0,0
9/21/2019,78,71,74.5,12.2,0,10,0.17,0,0
9/22/2019,77,66,71.5,9.6,0,7,1.47,0,0
9/23/2019,74,59,66.5,5.1,0,2,T,0,0
9/24/2019,79,58,68.5,7.5,0,4,0,0,0
9/25/2019,79,62,70.5,9.9,0,6,T,0,0
9/26/2019,72,56,64,3.9,1,0,0,0,0
9/27/2019,69,58,63.5,3.8,1,0,2.28,0,0
9/28/2019,66,53,59.5,0.3,5,0,0.19,0,0
9/29/2019,66,60,63,4.2,2,0,0.57,0,0
9/30/2019,85,63,74,15.6,0,9,0,0,0
10/1/2019,86,68,77,19,0,12,0,0,0
10/2/2019,68,57,62.5,4.9,2,0,1.76,0,0
10/3/2019,67,49,58,0.8,7,0,0.57,0,0
10/4/2019,58,45,51.5,-5.3,13,0,T,0,0
10/5/2019,63,48,55.5,-0.9,9,0,0.27,0,0
10/6/2019,67,49,58,2,7,0,0,0,0
10/7/2019,69,48,58.5,2.9,6,0,0,0,0
10/8/2019,70,46,58,2.8,7,0,0,0,0
10/9/2019,70,50,60,5.1,5,0,0,0,0
10/10/2019,70,54,62,7.5,3,0,0.19,0,0
10/11/2019,67,39,53,-1.2,12,0,0.59,0,0
10/12/2019,54,35,44.5,-9.3,20,0,0,0,0
10/13/2019,52,37,44.5,-9,20,0,0,0,0
10/14/2019,54,37,45.5,-7.6,19,0,0,0,0
10/15/2019,62,41,51.5,-1.3,13,0,T,0,0
10/16/2019,52,41,46.5,-6,18,0,0,0,0
10/17/2019,54,40,47,-5.1,18,0,0,0,0
10/18/2019,59,38,48.5,-3.3,16,0,0,0,0
10/19/2019,68,44,56,4.5,9,0,0,0,0
10/20/2019,63,48,55.5,4.3,9,0,0,0,0
10/21/2019,67,50,58.5,7.7,6,0,0.05,0,0
10/22/2019,51,44,47.5,-3,17,0,0.01,0,0
10/23/2019,58,39,48.5,-1.7,16,0,0.02,0,0
10/24/2019,50,42,46,-3.8,19,0,0,0,0
10/25/2019,48,37,42.5,-7,22,0,0,0,0
10/26/2019,48,36,42,-7.2,23,0,2.18,0,0
10/27/2019,58,42,50,1.2,15,0,0.04,0,0
10/28/2019,49,41,45,-3.5,20,0,T,0,0
10/29/2019,45,35,40,-8.1,25,0,0.15,0,0
10/30/2019,41,32,36.5,-11.2,28,0,0.62,1.2,1
10/31/2019,33,25,29,-18.4,36,0,0.31,3.4,0
11/1/2019,44,23,33.5,-13.5,31,0,0.01,0,2
11/2/2019,42,31,36.5,-10.1,28,0,0,0,0
11/3/2019,53,30,41.5,-4.7,23,0,T,0,0
11/4/2019,51,38,44.5,-1.3,20,0,0,0,0
11/5/2019,40,30,35,-10.4,30,0,0,0,0
11/6/2019,55,29,42,-2.9,23,0,0.01,T,0
11/7/2019,31,20,25.5,-19,39,0,T,0.1,0
11/8/2019,32,16,24,-20,41,0,0,0,0
11/9/2019,46,27,36.5,-7.1,28,0,0,0,0
11/10/2019,43,33,38,-5.1,27,0,0.04,T,0
11/11/2019,33,13,23,-19.6,42,0,0.25,3.4,2
11/12/2019,17,7,12,-30.2,53,0,0,0,3
11/13/2019,27,11,19,-22.7,46,0,T,T,2
11/14/2019,30,24,27,-14.2,38,0,0.01,0.2,2
11/15/2019,38,22,30,-10.7,35,0,0,0,2
11/16/2019,42,26,34,-6.2,31,0,0,0,1
11/17/2019,40,27,33.5,-6.2,31,0,0.04,0,0
11/18/2019,40,34,37,-2.2,28,0,T,0,0
11/19/2019,41,35,38,-0.7,27,0,0.01,0,0
11/20/2019,47,38,42.5,4.4,22,0,0,0,0
11/21/2019,54,37,45.5,7.9,19,0,0.51,0,0
11/22/2019,38,28,33,-4.1,32,0,0,0,0
11/23/2019,40,24,32,-4.6,33,0,0,0,0
11/24/2019,50,32,41,4.9,24,0,0,0,0
11/25/2019,53,37,45,9.4,20,0,0,0,0
11/26/2019,50,32,41,5.9,24,0,0.37,0,0
11/27/2019,55,33,44,9.4,21,0,0.25,0,0
11/28/2019,37,31,34,-0.1,31,0,T,0,0
11/29/2019,40,33,36.5,2.9,28,0,T,T,0
11/30/2019,40,36,38,4.8,27,0,0.37,0,0
12/1/2019,41,31,36,3.3,29,0,0.11,0.1,0
12/2/2019,35,29,32,-0.3,33,0,0,0,0
12/3/2019,40,29,34.5,2.7,30,0,0,0,0
12/4/2019,43,31,37,5.6,28,0,0,0,0
12/5/2019,45,27,36,5,29,0,0,0,0
12/6/2019,42,27,34.5,3.9,30,0,0,0,0
12/7/2019,37,25,31,0.8,34,0,0,0,0
12/8/2019,47,34,40.5,10.7,24,0,0,0,0
12/9/2019,47,24,35.5,6.1,29,0,0.05,0,0
12/10/2019,24,14,19,-10.1,46,0,T,T,0
12/11/2019,24,13,18.5,-10.2,46,0,T,0.1,0
12/12/2019,45,19,32,3.6,33,0,0,0,0
12/13/2019,45,34,39.5,11.4,25,0,0,0,0
12/14/2019,35,24,29.5,1.7,35,0,0,0,0
12/15/2019,26,19,22.5,-5,42,0,T,T,0
12/16/2019,30,24,27,-0.3,38,0,0.01,0.3,T
12/17/2019,29,19,24,-3,41,0,T,T,0
12/18/2019,27,10,18.5,-8.2,46,0,T,T,0
12/19/2019,35,15,25,-1.5,40,0,0,0,0
12/20/2019,41,23,32,5.7,33,0,0,0,0
12/21/2019,47,32,39.5,13.4,25,0,0,0,0
12/22/2019,52,33,42.5,16.6,22,0,0,0,0
12/23/2019,52,33,42.5,16.8,22,0,0,0,0
12/24/2019,55,30,42.5,17,22,0,0,0,0
12/25/2019,57,37,47,21.6,18,0,0,0,0
12/26/2019,61,37,49,23.8,16,0,0,0,0
12/27/2019,37,28,32.5,7.5,32,0,0,0,0
12/28/2019,48,27,37.5,12.6,27,0,0.28,0,0
12/29/2019,57,47,52,27.2,13,0,0.93,0,0
12/30/2019,47,27,37,12.4,28,0,0.09,0.7,0
12/31/2019,28,24,26,1.5,39,0,0.08,0.8,2
